dates,temp,rain,clouds,temp_cat,month,year
2016-06-01,22.60967020688062,46.44451556713012,very cloudy,warm,6,2016
2016-06-02,20.903336157811896,0.0,partly cloudy,warm,6,2016
2016-06-03,24.79912479722607,0.0,clear,warm,6,2016
2016-06-04,26.042730026297896,0.0,partly cloudy,hot,6,2016
2016-06-05,21.298063274867747,58.93237580188865,clear,warm,6,2016
2016-06-06,20.410139877999608,28.273402012485008,clear,warm,6,2016
2016-06-07,26.204548816628055,30.443014653443488,clear,hot,6,2016
2016-06-08,22.893576886381265,62.786285246692636,clear,warm,6,2016
2016-06-09,22.43300339429204,98.47205353816462,partly cloudy,warm,6,2016
2016-06-10,25.686558513096763,69.12989176887952,clear,hot,6,2016
2016-06-11,21.945966309919935,5.037363671270864,partly cloudy,warm,6,2016
2016-06-12,19.342425180199765,109.97883659150781,clear,warm,6,2016
2016-06-13,24.24273093411619,0.0,very cloudy,warm,6,2016
2016-06-14,22.562146731819904,70.8731540987731,partly cloudy,warm,6,2016
2016-06-15,23.29747313973448,50.93089789122041,very cloudy,warm,6,2016
2016-06-16,23.66771024336274,53.33245760587662,partly cloudy,warm,6,2016
2016-06-17,25.76784912916851,40.17041366364809,clear,hot,6,2016
2016-06-18,29.66129754780811,55.50729642551438,very cloudy,hot,6,2016
2016-06-19,23.67979757256684,0.0,partly cloudy,warm,6,2016
2016-06-20,24.959733761128188,80.18383021096275,partly cloudy,warm,6,2016
2016-06-21,26.08250100356921,20.49582159908175,clear,hot,6,2016
2016-06-22,25.351660598120578,19.99302637215854,partly cloudy,hot,6,2016
2016-06-23,25.6467481569782,68.21831405772124,partly cloudy,hot,6,2016
2016-06-24,25.120433633008442,0.0,very cloudy,hot,6,2016
2016-06-25,25.68361654928382,0.0,clear,hot,6,2016
2016-06-26,18.491351701098367,33.79012398882379,very cloudy,warm,6,2016
2016-06-27,25.527221543201996,4.464933025330922,partly cloudy,hot,6,2016
2016-06-28,29.142268577974342,3.482314238547879,clear,hot,6,2016
2016-06-29,28.43939562798765,0.0,very cloudy,hot,6,2016
2016-06-30,26.60238366507585,59.78013810106026,clear,hot,6,2016
2016-07-01,29.10930222148463,24.16574807760635,partly cloudy,hot,7,2016
2016-07-02,27.022296531511703,72.86707510582818,partly cloudy,hot,7,2016
2016-07-03,27.257176045425357,0.6918241659094093,partly cloudy,hot,7,2016
2016-07-04,21.068074058382553,93.7217504810127,partly cloudy,warm,7,2016
2016-07-05,25.855662600225887,97.96472723370535,partly cloudy,hot,7,2016
2016-07-06,20.33843060114188,9.841220123432777,clear,warm,7,2016
2016-07-07,26.637316818210472,69.78490233300715,partly cloudy,hot,7,2016
2016-07-08,24.95530428059966,80.14421835880653,clear,warm,7,2016
2016-07-09,25.025171850394358,46.440093816186234,partly cloudy,hot,7,2016
2016-07-10,22.057684368196117,44.21998436654705,partly cloudy,warm,7,2016
2016-07-11,26.305724166332638,0.0,clear,hot,7,2016
2016-07-12,23.97729217663829,7.186250472990054,partly cloudy,warm,7,2016
2016-07-13,26.025089402707255,5.013616720461613,very cloudy,hot,7,2016
2016-07-14,21.870618574370603,18.398419379923325,partly cloudy,warm,7,2016
2016-07-15,26.657249656493317,72.1235258972898,partly cloudy,hot,7,2016
2016-07-16,22.59619675018287,0.0,clear,warm,7,2016
2016-07-17,24.471477299392202,30.84309479285144,partly cloudy,warm,7,2016
2016-07-18,27.326923667760283,0.0,partly cloudy,hot,7,2016
2016-07-19,26.419074440607414,99.44906843944182,very cloudy,hot,7,2016
2016-07-20,26.992623074031908,0.0,partly cloudy,hot,7,2016
2016-07-21,21.189593378171477,12.246761434488342,very cloudy,warm,7,2016
2016-07-22,24.544291549792614,83.0841741354447,clear,warm,7,2016
2016-07-23,26.98831910533497,0.0,partly cloudy,hot,7,2016
2016-07-24,23.097107897648662,59.44882017452353,partly cloudy,warm,7,2016
2016-07-25,22.68709733089309,26.823977949262158,clear,warm,7,2016
2016-07-26,22.08257866124456,0.0,partly cloudy,warm,7,2016
2016-07-27,27.719640790987906,27.367926676532463,very cloudy,hot,7,2016
2016-07-28,22.272277883933064,0.0,very cloudy,warm,7,2016
2016-07-29,27.553083762070294,0.0,clear,hot,7,2016
2016-07-30,26.384325769959997,39.177199240372566,very cloudy,hot,7,2016
2016-07-31,23.190063479409027,0.0,partly cloudy,warm,7,2016
2016-08-01,19.51425216555746,0.0,partly cloudy,warm,8,2016
2016-08-02,21.917128087823826,3.789901521288968,partly cloudy,warm,8,2016
2016-08-03,22.56431951384787,0.0,partly cloudy,warm,8,2016
2016-08-04,24.840676683070328,30.94725117752188,clear,warm,8,2016
2016-08-05,20.215675868411225,0.0,very cloudy,warm,8,2016
2016-08-06,21.073106588991333,95.64799232327721,partly cloudy,warm,8,2016
2016-08-07,23.096479211424974,0.0,clear,warm,8,2016
2016-08-08,21.56104950293796,62.670499383492455,partly cloudy,warm,8,2016
2016-08-09,20.932395473144258,1.2483474137787738,partly cloudy,warm,8,2016
2016-08-10,21.63456516220236,126.26652560984742,partly cloudy,warm,8,2016
2016-08-11,18.225279597508028,80.3221427620211,very cloudy,warm,8,2016
2016-08-12,24.0032214238039,1.0512983040078723,clear,warm,8,2016
2016-08-13,24.26383006424713,0.0,clear,warm,8,2016
2016-08-14,20.572008989272987,0.0,partly cloudy,warm,8,2016
2016-08-15,22.22227354883889,0.0,partly cloudy,warm,8,2016
2016-08-16,23.206927609518832,61.13757762689745,partly cloudy,warm,8,2016
2016-08-17,23.021905203056143,0.0,clear,warm,8,2016
2016-08-18,25.165575589571368,73.891908894212,clear,hot,8,2016
2016-08-19,25.560235279668028,0.0,clear,hot,8,2016
2016-08-20,24.738805656183033,39.87040156186438,partly cloudy,warm,8,2016
2016-08-21,20.860758780541303,0.0,partly cloudy,warm,8,2016
2016-08-22,25.227646095122406,9.491170848789857,partly cloudy,hot,8,2016
2016-08-23,21.86202936276466,70.30644722314254,partly cloudy,warm,8,2016
2016-08-24,17.10267189101121,39.53113182348944,partly cloudy,warm,8,2016
2016-08-25,22.593020935636723,112.30517203082935,partly cloudy,warm,8,2016
2016-08-26,24.22169437191974,38.61644889812445,very cloudy,warm,8,2016
2016-08-27,21.641349953986772,39.18736756622933,clear,warm,8,2016
2016-08-28,17.669445749545062,90.71819618940344,clear,warm,8,2016
2016-08-29,17.526690556776497,44.373580602865225,partly cloudy,warm,8,2016
2016-08-30,16.433018792473685,41.610340214735146,partly cloudy,warm,8,2016
2016-08-31,16.72210522330493,49.765304248476326,partly cloudy,warm,8,2016
2016-09-01,24.247495972005417,42.216272502801814,partly cloudy,warm,9,2016
2016-09-02,14.206475865284311,115.1128533227851,very cloudy,cool,9,2016
2016-09-03,18.700068029789247,0.0,partly cloudy,warm,9,2016
2016-09-04,18.724540581188087,83.39855205883053,clear,warm,9,2016
2016-09-05,16.97653867339602,0.0,clear,warm,9,2016
2016-09-06,21.999557823474913,66.63012288862342,very cloudy,warm,9,2016
2016-09-07,18.76034192351838,35.5444257076832,very cloudy,warm,9,2016
2016-09-08,16.960223171187224,19.319924348330353,very cloudy,warm,9,2016
2016-09-09,14.551476453624012,52.665685393392174,partly cloudy,cool,9,2016
2016-09-10,17.67981687719799,49.18325073710602,partly cloudy,warm,9,2016
2016-09-11,17.237817309443084,76.06392309060706,clear,warm,9,2016
2016-09-12,14.838453059774652,69.23532813267697,partly cloudy,cool,9,2016
2016-09-13,14.144142135861673,45.38404325039791,partly cloudy,cool,9,2016
2016-09-14,22.800836415781987,101.52152076903378,partly cloudy,warm,9,2016
2016-09-15,19.80360221656289,69.0744607439183,clear,warm,9,2016
2016-09-16,15.352838256873017,53.28426063270541,very cloudy,warm,9,2016
2016-09-17,19.015837337475205,29.625857322479177,clear,warm,9,2016
2016-09-18,15.212163488171553,53.902021498627306,clear,warm,9,2016
2016-09-19,13.3726396253276,130.8613820669438,partly cloudy,cool,9,2016
2016-09-20,16.767078120526083,7.831958869538511,very cloudy,warm,9,2016
2016-09-21,16.137186761459503,42.564500705540624,partly cloudy,warm,9,2016
2016-09-22,13.438905901008036,23.552801780735138,very cloudy,cool,9,2016
2016-09-23,17.02771206958276,45.35682365364968,partly cloudy,warm,9,2016
2016-09-24,17.396720211763004,84.8039056384267,partly cloudy,warm,9,2016
2016-09-25,10.592764815769318,9.399676717564645,partly cloudy,cool,9,2016
2016-09-26,15.687489539939435,62.18469110794572,clear,warm,9,2016
2016-09-27,14.763763966786858,84.24411915747018,partly cloudy,cool,9,2016
2016-09-28,10.523214412161872,5.116900616994258,partly cloudy,cool,9,2016
2016-09-29,13.345411181563763,79.901335166228,clear,cool,9,2016
2016-09-30,16.572387169469284,84.12246204094025,partly cloudy,warm,9,2016
2016-10-01,9.162620952272334,0.0,very cloudy,cool,10,2016
2016-10-02,14.170465729179288,61.07185742496253,clear,cool,10,2016
2016-10-03,10.727187067077395,87.42066416357241,clear,cool,10,2016
2016-10-04,13.561091806719112,37.774161469222115,partly cloudy,cool,10,2016
2016-10-05,10.399699671945273,21.551227416286153,partly cloudy,cool,10,2016
2016-10-06,12.963547300503775,137.69280644336078,clear,cool,10,2016
2016-10-07,14.583406415812917,54.4299648793979,very cloudy,cool,10,2016
2016-10-08,9.688061721022532,81.8956207489135,partly cloudy,cool,10,2016
2016-10-09,8.136702516683936,95.09308690844944,partly cloudy,cool,10,2016
2016-10-10,13.808696552701749,114.75583238820239,clear,cool,10,2016
2016-10-11,7.382421338852855,79.79305518500607,partly cloudy,cool,10,2016
2016-10-12,10.47866283680715,28.751107451064172,clear,cool,10,2016
2016-10-13,9.248876821982481,35.9979512066469,very cloudy,cool,10,2016
2016-10-14,13.467375371948167,34.06226741296214,very cloudy,cool,10,2016
2016-10-15,7.385266401800731,39.42372546752736,clear,cool,10,2016
2016-10-16,12.704897292120211,40.1874572230471,clear,cool,10,2016
2016-10-17,5.247493421065636,126.72543714669023,partly cloudy,cool,10,2016
2016-10-18,3.2916891729081073,66.05326662922002,very cloudy,cold,10,2016
2016-10-19,9.230684134748163,54.33805170834021,clear,cool,10,2016
2016-10-20,9.900372030345457,166.8492329846115,partly cloudy,cool,10,2016
2016-10-21,8.722989141926458,78.93528899602255,partly cloudy,cool,10,2016
2016-10-22,10.28237496519337,72.25104358535782,very cloudy,cool,10,2016
2016-10-23,8.699673687372044,56.1400156362525,partly cloudy,cool,10,2016
2016-10-24,7.425203521707814,132.33554028377444,clear,cool,10,2016
2016-10-25,11.151506418233614,64.32644563071428,partly cloudy,cool,10,2016
2016-10-26,10.102316099031476,11.32673421446659,partly cloudy,cool,10,2016
2016-10-27,6.934586924753061,42.837629098344074,partly cloudy,cool,10,2016
2016-10-28,9.813900089342185,164.82730984971562,partly cloudy,cool,10,2016
2016-10-29,7.7330076996396135,84.07896342606361,clear,cool,10,2016
2016-10-30,5.573556351279266,0.0,clear,cool,10,2016
2016-10-31,7.384667399824072,40.772175544434255,clear,cool,10,2016
2016-11-01,7.680627774208345,14.740869674529286,clear,cool,11,2016
2016-11-02,3.5449214115876178,5.714182201119897,very cloudy,cold,11,2016
2016-11-03,7.663816912732042,43.9467330817788,clear,cool,11,2016
2016-11-04,6.12840100136575,40.50064296450489,partly cloudy,cool,11,2016
2016-11-05,7.594407928242289,0.0,partly cloudy,cool,11,2016
2016-11-06,3.350395797196842,143.16455790439426,clear,cold,11,2016
2016-11-07,5.985409942733518,54.55623579513019,very cloudy,cool,11,2016
2016-11-08,4.392722597859469,56.10925015410568,partly cloudy,cold,11,2016
2016-11-09,3.8854836065076337,33.943170042476716,clear,cold,11,2016
2016-11-10,1.1225049501228854,129.72437767841512,very cloudy,cold,11,2016
2016-11-11,2.4235757450262936,78.95941505328103,partly cloudy,cold,11,2016
2016-11-12,1.7646476505647937,0.0,very cloudy,cold,11,2016
2016-11-13,5.988092503393675,0.0,partly cloudy,cool,11,2016
2016-11-14,5.959715927021415,35.59360379086185,very cloudy,cool,11,2016
2016-11-15,4.161765988007658,91.1155191505334,very cloudy,cold,11,2016
2016-11-16,1.2631326964717182,39.548441913123064,partly cloudy,cold,11,2016
2016-11-17,3.8074587159978037,38.758194897932164,partly cloudy,cold,11,2016
2016-11-18,2.5019556329788584,21.953035571040672,clear,cold,11,2016
2016-11-19,-1.1718524325284552,31.094171259727574,clear,cold,11,2016
2016-11-20,4.231888785144332,48.32636651958917,partly cloudy,cold,11,2016
2016-11-21,1.1215061332705232,51.33285784317707,partly cloudy,cold,11,2016
2016-11-22,7.3054296475341785,136.8790107111924,very cloudy,cool,11,2016
2016-11-23,1.8416665894186688,149.4834035635519,partly cloudy,cold,11,2016
2016-11-24,2.6115820419678877,38.90229298233247,partly cloudy,cold,11,2016
2016-11-25,1.8414519172509567,1.518660877060043,partly cloudy,cold,11,2016
2016-11-26,3.848153630814516,52.3501970965552,partly cloudy,cold,11,2016
2016-11-27,5.096675739572092,40.42175957824853,clear,cool,11,2016
2016-11-28,1.5670386171823902,3.143537966969845,very cloudy,cold,11,2016
2016-11-29,0.25593550627426653,100.22324231375057,partly cloudy,cold,11,2016
2016-11-30,-0.5566088282291692,0.0,clear,cold,11,2016
2016-12-01,4.06004688198176,46.79815095235729,clear,cold,12,2016
2016-12-02,-0.4825358504002084,48.97963632916327,clear,cold,12,2016
2016-12-03,-0.09019237057735618,82.26095485624849,partly cloudy,cold,12,2016
2016-12-04,-0.2814127073936137,23.34990982627646,very cloudy,cold,12,2016
2016-12-05,-1.2838763333871488,99.65295932406177,clear,cold,12,2016
2016-12-06,-0.45783463096143406,57.20193599853171,partly cloudy,cold,12,2016
2016-12-07,-0.34545646533066743,30.780410579060728,partly cloudy,cold,12,2016
2016-12-08,1.6346468792036155,170.23424095611256,partly cloudy,cold,12,2016
2016-12-09,2.1201171070427804,70.12265415674527,clear,cold,12,2016
2016-12-10,1.0215388057804042,0.0,very cloudy,cold,12,2016
2016-12-11,2.8618965930603655,90.47840691259795,partly cloudy,cold,12,2016
2016-12-12,-4.8402728016417145,11.325771589744313,very cloudy,cold,12,2016
2016-12-13,-2.7276274363297053,1.1214286224450092,very cloudy,cold,12,2016
2016-12-14,-4.266295840399275,15.049850157282478,partly cloudy,cold,12,2016
2016-12-15,-0.3810967490635867,0.0,partly cloudy,cold,12,2016
2016-12-16,3.455507308070833,127.48051188302652,clear,cold,12,2016
2016-12-17,2.5940824180945063,152.54757265065942,partly cloudy,cold,12,2016
2016-12-18,2.157985238452528,45.92833097552281,partly cloudy,cold,12,2016
2016-12-19,-3.93647844108781,3.160113654975177,partly cloudy,cold,12,2016
2016-12-20,3.0396879536744827,158.96311897955002,partly cloudy,cold,12,2016
2016-12-21,-1.205216020393633,82.16847337370214,partly cloudy,cold,12,2016
2016-12-22,-1.5110865856994016,0.6418352901462043,clear,cold,12,2016
2016-12-23,-1.5754832400380012,17.38591268663791,partly cloudy,cold,12,2016
2016-12-24,-3.7650303040266033,26.05973579382526,clear,cold,12,2016
2016-12-25,-4.764412867043098,44.66176884829076,clear,cold,12,2016
2016-12-26,1.5448933198591326,42.038681609253175,partly cloudy,cold,12,2016
2016-12-27,1.316814327501358,0.0,very cloudy,cold,12,2016
2016-12-28,-2.8886892124498704,10.553269081486192,clear,cold,12,2016
2016-12-29,-0.6076232410301254,54.968859394976064,clear,cold,12,2016
2016-12-30,-0.16133309138231877,28.872165791909964,clear,cold,12,2016
2016-12-31,-3.5859488882170396,91.70230366935144,very cloudy,cold,12,2016
2017-01-01,-2.820582426792954,110.75082526135579,partly cloudy,cold,1,2017
2017-01-02,1.4319088374987228,0.0,very cloudy,cold,1,2017
2017-01-03,-1.2908097168999677,115.0128959877351,very cloudy,cold,1,2017
2017-01-04,-3.267169256146222,81.88636675002584,partly cloudy,cold,1,2017
2017-01-05,-1.4803039761323504,57.910269872838356,very cloudy,cold,1,2017
2017-01-06,-0.9009763974422287,0.0,partly cloudy,cold,1,2017
2017-01-07,1.5209999086528283,25.72375861744052,clear,cold,1,2017
2017-01-08,0.14248539931889748,58.97970090004026,very cloudy,cold,1,2017
2017-01-09,1.731106213245249,95.03584779346724,clear,cold,1,2017
2017-01-10,1.0023509861837692,63.89814440483844,partly cloudy,cold,1,2017
2017-01-11,2.6986767631678887,44.109661782252545,clear,cold,1,2017
2017-01-12,-2.077977938730549,33.419102667956146,clear,cold,1,2017
2017-01-13,-1.936078877346065,39.40150738913387,very cloudy,cold,1,2017
2017-01-14,-3.0524700198589545,29.496866990527508,very cloudy,cold,1,2017
2017-01-15,-1.8770136009303247,15.642502494655282,partly cloudy,cold,1,2017
2017-01-16,0.1003212709584217,53.844487860318964,partly cloudy,cold,1,2017
2017-01-17,-2.672835400824759,67.04653314988386,partly cloudy,cold,1,2017
2017-01-18,3.2267925112677567,0.0,partly cloudy,cold,1,2017
2017-01-19,4.248396535052308,0.0,partly cloudy,cold,1,2017
2017-01-20,-3.5671564839321976,9.66187069732544,clear,cold,1,2017
2017-01-21,1.5859980664686342,62.26017598871158,very cloudy,cold,1,2017
2017-01-22,-3.181870429080206,27.45435843351613,partly cloudy,cold,1,2017
2017-01-23,0.7246464165154782,17.00439093439131,partly cloudy,cold,1,2017
2017-01-24,-3.1623648442506873,91.37197033846414,clear,cold,1,2017
2017-01-25,4.372165620309364,61.67762720354265,partly cloudy,cold,1,2017
2017-01-26,-2.864646485671786,9.134891130907626,clear,cold,1,2017
2017-01-27,-1.2479298838197372,45.72826281652899,clear,cold,1,2017
2017-01-28,1.7179084172533399,31.140729489211207,clear,cold,1,2017
2017-01-29,-1.991550221598398,0.0,partly cloudy,cold,1,2017
2017-01-30,-4.287878436901682,116.17883586925248,partly cloudy,cold,1,2017
2017-01-31,0.06361370922903553,94.27424614159371,very cloudy,cold,1,2017
2017-02-01,3.352070973761614,106.19040773871744,clear,cold,2,2017
2017-02-02,1.335813968506071,21.54634711656467,clear,cold,2,2017
2017-02-03,2.041383560188566,0.0,very cloudy,cold,2,2017
2017-02-04,-4.789723734046828,27.184876568993914,very cloudy,cold,2,2017
2017-02-05,1.0019430336527375,55.67169302276801,partly cloudy,cold,2,2017
2017-02-06,-1.3504803990676333,34.11255665999717,partly cloudy,cold,2,2017
2017-02-07,-4.143641540798582,13.796393140588009,clear,cold,2,2017
2017-02-08,5.463437173865695,107.27462487721036,partly cloudy,cool,2,2017
2017-02-09,1.0982901907745914,0.0,partly cloudy,cold,2,2017
2017-02-10,-0.6517122772252395,0.0,clear,cold,2,2017
2017-02-11,-0.9258593889063742,78.56413286164073,partly cloudy,cold,2,2017
2017-02-12,4.362395609517687,0.0,very cloudy,cold,2,2017
2017-02-13,2.0361959726139447,85.22284303721673,partly cloudy,cold,2,2017
2017-02-14,-0.48069040225171245,49.00909451325048,very cloudy,cold,2,2017
2017-02-15,0.40194564635654784,24.21943938005956,clear,cold,2,2017
2017-02-16,5.39515647233906,61.51099591516791,partly cloudy,cool,2,2017
2017-02-17,3.8759212866298784,35.70480752828347,partly cloudy,cold,2,2017
2017-02-18,4.758352231410177,0.0,partly cloudy,cold,2,2017
2017-02-19,0.6480145536543942,37.30480350014305,clear,cold,2,2017
2017-02-20,-2.203495568512376,171.44726966429084,partly cloudy,cold,2,2017
2017-02-21,2.8630048794780842,81.65394357430831,partly cloudy,cold,2,2017
2017-02-22,1.6824236591282626,2.369522632956027,partly cloudy,cold,2,2017
2017-02-23,3.810871429111073,110.36342530751637,partly cloudy,cold,2,2017
2017-02-24,3.4952213156084846,0.0,very cloudy,cold,2,2017
2017-02-25,3.7109315607376177,82.09406292410108,clear,cold,2,2017
2017-02-26,7.329746411638458,0.0,clear,cool,2,2017
2017-02-27,5.534579226018155,0.0,partly cloudy,cool,2,2017
2017-02-28,5.484847878520997,54.393708996141726,clear,cool,2,2017
2017-03-01,2.999953961443718,55.471062925257165,very cloudy,cold,3,2017
2017-03-02,7.76049012108736,17.743572272600538,partly cloudy,cool,3,2017
2017-03-03,2.403080211027267,96.51558583026919,partly cloudy,cold,3,2017
2017-03-04,8.624596293704256,8.495196169989605,clear,cool,3,2017
2017-03-05,3.2110600384616483,65.06871033373372,partly cloudy,cold,3,2017
2017-03-06,3.034786055518193,0.0,very cloudy,cold,3,2017
2017-03-07,14.113770763779812,44.080828921893165,clear,cool,3,2017
2017-03-08,8.163823473125781,63.919690356935334,very cloudy,cool,3,2017
2017-03-09,7.628230159913594,20.379604251010445,partly cloudy,cool,3,2017
2017-03-10,7.99584263228417,0.0,clear,cool,3,2017
2017-03-11,8.988689431220607,66.4497092428121,partly cloudy,cool,3,2017
2017-03-12,8.636988848050139,0.0,partly cloudy,cool,3,2017
2017-03-13,5.18935245023682,38.82072784275354,clear,cool,3,2017
2017-03-14,8.384875065058424,0.0,clear,cool,3,2017
2017-03-15,11.752047508866145,0.0,partly cloudy,cool,3,2017
2017-03-16,9.119024673910433,36.8584579853283,partly cloudy,cool,3,2017
2017-03-17,7.842335769690203,0.0,partly cloudy,cool,3,2017
2017-03-18,8.129430087881879,0.0,very cloudy,cool,3,2017
2017-03-19,1.4541254867169657,88.97441599007756,clear,cold,3,2017
2017-03-20,6.414716879143149,3.1507493244814917,clear,cool,3,2017
2017-03-21,11.549513988081223,96.37421753072456,clear,cool,3,2017
2017-03-22,6.537721207300146,0.0,clear,cool,3,2017
2017-03-23,13.733663427276118,57.52591773457942,very cloudy,cool,3,2017
2017-03-24,6.203854516683343,0.0,partly cloudy,cool,3,2017
2017-03-25,11.058579048248749,16.278898205596345,partly cloudy,cool,3,2017
2017-03-26,8.570978606478956,86.20894907567013,partly cloudy,cool,3,2017
2017-03-27,13.993575340789427,0.0,clear,cool,3,2017
2017-03-28,11.594679141379379,99.90931338478312,very cloudy,cool,3,2017
2017-03-29,8.210081189411383,70.69160525870109,partly cloudy,cool,3,2017
2017-03-30,11.921158208725089,51.516953566512086,very cloudy,cool,3,2017
2017-03-31,7.554377050114323,85.21336776229919,partly cloudy,cool,3,2017
2017-04-01,11.64620418344757,80.25552349285118,partly cloudy,cool,4,2017
2017-04-02,12.757234917807548,0.0,partly cloudy,cool,4,2017
2017-04-03,9.10125990758738,16.980453036479936,partly cloudy,cool,4,2017
2017-04-04,12.498844790854516,17.996327807488036,partly cloudy,cool,4,2017
2017-04-05,11.598705268138806,88.20759809246867,partly cloudy,cool,4,2017
2017-04-06,9.238711394507206,123.65280951926282,partly cloudy,cool,4,2017
2017-04-07,10.009802770596137,28.946778413046225,clear,cool,4,2017
2017-04-08,12.720988894817202,0.0,partly cloudy,cool,4,2017
2017-04-09,15.625881202777547,0.0,very cloudy,warm,4,2017
2017-04-10,13.105580763716468,65.37860631013764,partly cloudy,cool,4,2017
2017-04-11,10.70468909279256,39.838091329555596,very cloudy,cool,4,2017
2017-04-12,14.93107585711369,21.40097728261224,partly cloudy,cool,4,2017
2017-04-13,12.283171163659727,0.0,clear,cool,4,2017
2017-04-14,12.66095502123748,17.646569690170644,clear,cool,4,2017
2017-04-15,14.664870252894097,37.50312592679977,very cloudy,cool,4,2017
2017-04-16,13.25448636278647,0.0,partly cloudy,cool,4,2017
2017-04-17,14.128956465620545,0.0,partly cloudy,cool,4,2017
2017-04-18,16.616874199851836,0.0,very cloudy,warm,4,2017
2017-04-19,12.166597048624432,27.07505264462371,partly cloudy,cool,4,2017
2017-04-20,16.931970292949945,0.0,clear,warm,4,2017
2017-04-21,18.20235320625825,0.0,partly cloudy,warm,4,2017
2017-04-22,12.611522898192314,82.9731923671666,clear,cool,4,2017
2017-04-23,16.324808608895577,33.677519480504415,partly cloudy,warm,4,2017
2017-04-24,16.333923593232118,71.49001514849236,partly cloudy,warm,4,2017
2017-04-25,15.473005291979671,36.96325090216567,partly cloudy,warm,4,2017
2017-04-26,11.644225365920654,5.135828483329689,very cloudy,cool,4,2017
2017-04-27,19.036210926042436,33.12116293713468,clear,warm,4,2017
2017-04-28,10.54573799885262,0.0,very cloudy,cool,4,2017
2017-04-29,16.634436285396006,0.0,partly cloudy,warm,4,2017
2017-04-30,14.820212695544319,13.732748347544142,partly cloudy,cool,4,2017
2017-05-01,21.824790504093396,0.0,partly cloudy,warm,5,2017
2017-05-02,14.633557036833729,31.486593684793075,very cloudy,cool,5,2017
2017-05-03,16.364084324554074,47.3031021874007,partly cloudy,warm,5,2017
2017-05-04,15.201640526515689,0.0,partly cloudy,warm,5,2017
2017-05-05,17.872879308555106,1.5892402098651601,clear,warm,5,2017
2017-05-06,17.50737071564424,0.0,partly cloudy,warm,5,2017
2017-05-07,21.96347704735234,23.17869699798191,partly cloudy,warm,5,2017
2017-05-08,20.171540712704427,34.94457194385071,very cloudy,warm,5,2017
2017-05-09,18.963732780675233,59.387955335894105,partly cloudy,warm,5,2017
2017-05-10,20.289734816882113,0.0,very cloudy,warm,5,2017
2017-05-11,17.719723646874463,0.0,partly cloudy,warm,5,2017
2017-05-12,24.74326710302659,0.0,partly cloudy,warm,5,2017
2017-05-13,22.449975216763153,0.0,partly cloudy,warm,5,2017
2017-05-14,21.72365500148386,23.92192874664297,partly cloudy,warm,5,2017
2017-05-15,23.07382133298054,27.90389549980158,partly cloudy,warm,5,2017
2017-05-16,19.29006510409294,85.436192135217,partly cloudy,warm,5,2017
2017-05-17,21.056416412583197,94.72207250934598,partly cloudy,warm,5,2017
2017-05-18,20.295656552026472,11.294398870122567,partly cloudy,warm,5,2017
2017-05-19,22.16386638079093,26.462612782891803,very cloudy,warm,5,2017
2017-05-20,19.136678938249634,0.0,partly cloudy,warm,5,2017
2017-05-21,27.22198714242725,8.32516872538774,clear,hot,5,2017
2017-05-22,16.713377612497588,0.0,partly cloudy,warm,5,2017
2017-05-23,22.163710491531216,54.18462665115484,partly cloudy,warm,5,2017
2017-05-24,20.038551953735798,61.86644845063748,very cloudy,warm,5,2017
2017-05-25,26.110764606484096,0.0,partly cloudy,hot,5,2017
2017-05-26,23.471214147373196,27.042898882304474,clear,warm,5,2017
2017-05-27,19.12863158595377,0.0,partly cloudy,warm,5,2017
2017-05-28,23.253264933619676,0.0,clear,warm,5,2017
2017-05-29,21.33170635923373,0.0,partly cloudy,warm,5,2017
2017-05-30,22.49676497384881,6.641991170084104,very cloudy,warm,5,2017
2017-05-31,26.57435914194456,0.0,very cloudy,hot,5,2017
2017-06-01,22.69723897647484,81.6049645491843,clear,warm,6,2017
2017-06-02,20.112372614827574,15.481596845909046,clear,warm,6,2017
2017-06-03,24.499939872097094,78.07612606149621,partly cloudy,warm,6,2017
2017-06-04,23.283251204398216,26.28489638973279,partly cloudy,warm,6,2017
2017-06-05,22.38662790364114,93.76706381957322,very cloudy,warm,6,2017
2017-06-06,23.76572489518708,89.61083184683162,partly cloudy,warm,6,2017
2017-06-07,24.55745929111057,58.61652659027272,clear,warm,6,2017
2017-06-08,25.41107640746126,0.0,clear,hot,6,2017
2017-06-09,19.87860439189639,0.0,partly cloudy,warm,6,2017
2017-06-10,25.228634124484635,21.146207533705834,clear,hot,6,2017
2017-06-11,22.76570325527749,31.219597247361264,very cloudy,warm,6,2017
2017-06-12,20.87329330729367,0.0,partly cloudy,warm,6,2017
2017-06-13,25.060600783635106,21.252868569089983,clear,hot,6,2017
2017-06-14,23.967743267499365,49.1154534170822,partly cloudy,warm,6,2017
2017-06-15,22.654821590097534,0.0,partly cloudy,warm,6,2017
2017-06-16,22.331470502957988,6.6143120571179495,clear,warm,6,2017
2017-06-17,25.63292838834227,55.82121647584238,very cloudy,hot,6,2017
2017-06-18,27.815120367422303,61.667416704788224,clear,hot,6,2017
2017-06-19,24.282585150922635,0.0,clear,warm,6,2017
2017-06-20,23.651697182204792,18.7357910283124,clear,warm,6,2017
2017-06-21,26.52893069244351,0.0,very cloudy,hot,6,2017
2017-06-22,25.198217165149806,0.0,partly cloudy,hot,6,2017
2017-06-23,22.813821877572753,59.845022649320505,partly cloudy,warm,6,2017
2017-06-24,23.25469841838108,38.38270875818542,clear,warm,6,2017
2017-06-25,26.229659845685656,0.0,partly cloudy,hot,6,2017
2017-06-26,22.366110847908764,103.94001521128068,very cloudy,warm,6,2017
2017-06-27,22.580978805789563,0.0,partly cloudy,warm,6,2017
2017-06-28,27.536788224047534,23.846496095767506,partly cloudy,hot,6,2017
2017-06-29,26.3310680559262,0.0,clear,hot,6,2017
2017-06-30,29.023616925800756,33.33835695396807,very cloudy,hot,6,2017
2017-07-01,25.607856627153584,70.44528659247229,partly cloudy,hot,7,2017
2017-07-02,21.317280493577805,69.57006058537472,clear,warm,7,2017
2017-07-03,27.44887825161752,111.72511242215836,very cloudy,hot,7,2017
2017-07-04,22.811327798211703,8.695404093829666,partly cloudy,warm,7,2017
2017-07-05,24.51800369217731,0.0,very cloudy,warm,7,2017
2017-07-06,28.440619572682138,3.044915743467172,partly cloudy,hot,7,2017
2017-07-07,27.81271498278366,57.26772663124848,partly cloudy,hot,7,2017
2017-07-08,27.367751221852014,48.21627278608803,very cloudy,hot,7,2017
2017-07-09,25.349879178678933,45.05464011688617,very cloudy,hot,7,2017
2017-07-10,27.3925487035913,0.0,partly cloudy,hot,7,2017
2017-07-11,25.6744886635088,22.19503884454268,clear,hot,7,2017
2017-07-12,28.951106348401048,70.3692947620736,clear,hot,7,2017
2017-07-13,26.228864828437384,29.687537634575975,partly cloudy,hot,7,2017
2017-07-14,22.85674318604647,0.0,very cloudy,warm,7,2017
2017-07-15,22.93644810119536,15.269039127845716,clear,warm,7,2017
2017-07-16,25.595908716533373,33.65505389265209,partly cloudy,hot,7,2017
2017-07-17,21.6701515557922,0.0,clear,warm,7,2017
2017-07-18,26.176455331522966,25.58772147763305,very cloudy,hot,7,2017
2017-07-19,28.011907619788087,52.104409438448066,partly cloudy,hot,7,2017
2017-07-20,24.253507265667235,18.31798321215875,clear,warm,7,2017
2017-07-21,23.111044502089257,0.0,clear,warm,7,2017
2017-07-22,26.90817040833206,50.318428254178784,clear,hot,7,2017
2017-07-23,24.875580274873904,87.4402703579436,partly cloudy,warm,7,2017
2017-07-24,23.421128480417398,124.3741439145885,very cloudy,warm,7,2017
2017-07-25,24.780869890373477,5.339360290688852,clear,warm,7,2017
2017-07-26,23.96536767782758,90.46839111927888,very cloudy,warm,7,2017
2017-07-27,25.371275914948857,0.0,partly cloudy,hot,7,2017
2017-07-28,19.574819093614728,0.0,partly cloudy,warm,7,2017
2017-07-29,26.89830164834667,25.31507317904304,partly cloudy,hot,7,2017
2017-07-30,25.175470438702913,108.87425048846038,partly cloudy,hot,7,2017
2017-07-31,20.421828080922364,0.0,partly cloudy,warm,7,2017
2017-08-01,28.233375712871823,0.0,clear,hot,8,2017
2017-08-02,26.00405980980617,47.54072591645017,partly cloudy,hot,8,2017
2017-08-03,18.476521509649643,45.277894059866256,very cloudy,warm,8,2017
2017-08-04,23.598217517204056,13.472435529675224,partly cloudy,warm,8,2017
2017-08-05,27.467152289087814,52.71412169496795,partly cloudy,hot,8,2017
2017-08-06,25.26550898954133,76.55077684662007,clear,hot,8,2017
2017-08-07,26.04812894451448,8.262271063247063,partly cloudy,hot,8,2017
2017-08-08,24.410231058286012,0.0,partly cloudy,warm,8,2017
2017-08-09,21.188537396753045,40.875899555616485,partly cloudy,warm,8,2017
2017-08-10,20.952338956125008,37.935350334667184,clear,warm,8,2017
2017-08-11,21.683260777237123,8.866255614192156,partly cloudy,warm,8,2017
2017-08-12,21.587769060531667,32.412676625934296,very cloudy,warm,8,2017
2017-08-13,21.404558273614303,27.82986100413938,clear,warm,8,2017
2017-08-14,17.79044325186481,60.97213887760951,clear,warm,8,2017
2017-08-15,22.821208311764583,75.33444939082136,partly cloudy,warm,8,2017
2017-08-16,23.987698334456507,77.97880622243305,partly cloudy,warm,8,2017
2017-08-17,26.577772482994366,28.912108466962778,partly cloudy,hot,8,2017
2017-08-18,24.270612328647665,106.93441800991452,very cloudy,warm,8,2017
2017-08-19,24.220809241972628,0.0,very cloudy,warm,8,2017
2017-08-20,23.257982346637107,35.533114072925834,partly cloudy,warm,8,2017
2017-08-21,21.80238430947701,0.8773964383450163,clear,warm,8,2017
2017-08-22,18.84124707237205,0.0,partly cloudy,warm,8,2017
2017-08-23,20.607661996316757,40.31523117931509,partly cloudy,warm,8,2017
2017-08-24,21.575707998969502,11.597047813466148,partly cloudy,warm,8,2017
2017-08-25,23.16103183607544,56.27369364356697,clear,warm,8,2017
2017-08-26,14.65038728850706,25.78069746886699,partly cloudy,cool,8,2017
2017-08-27,20.83537444996366,0.0,partly cloudy,warm,8,2017
2017-08-28,18.728447685267334,79.47299689404922,partly cloudy,warm,8,2017
2017-08-29,20.98226267642302,151.25829852475908,very cloudy,warm,8,2017
2017-08-30,19.231065092483238,0.0,clear,warm,8,2017
2017-08-31,23.30618835594802,43.98502529495412,clear,warm,8,2017
2017-09-01,16.834613204143285,102.17891114209418,partly cloudy,warm,9,2017
2017-09-02,19.5672864486226,23.034310976861512,partly cloudy,warm,9,2017
2017-09-03,19.450975265926594,120.06310427032068,partly cloudy,warm,9,2017
2017-09-04,20.450085779973286,58.92076284841105,partly cloudy,warm,9,2017
2017-09-05,20.74242805372863,0.0,clear,warm,9,2017
2017-09-06,16.464288810440944,131.05529921146638,partly cloudy,warm,9,2017
2017-09-07,15.135720184667814,58.93722467140354,clear,warm,9,2017
2017-09-08,16.929500461446505,93.90680067129983,partly cloudy,warm,9,2017
2017-09-09,17.56431997754695,26.86141974127284,clear,warm,9,2017
2017-09-10,18.514892851584484,108.0359084098499,partly cloudy,warm,9,2017
2017-09-11,17.585331594734523,5.623422191535077,very cloudy,warm,9,2017
2017-09-12,16.42243676792711,50.58747563931507,partly cloudy,warm,9,2017
2017-09-13,14.23199343729884,0.6411644992038887,partly cloudy,cool,9,2017
2017-09-14,18.83553862526044,24.19860546443173,very cloudy,warm,9,2017
2017-09-15,17.100303548971375,24.57768665084373,partly cloudy,warm,9,2017
2017-09-16,18.914807958455057,84.35312088068676,partly cloudy,warm,9,2017
2017-09-17,16.14593882814946,0.0,clear,warm,9,2017
2017-09-18,14.562830640023328,44.880395563129305,clear,cool,9,2017
2017-09-19,15.934628034127146,56.19316551352236,clear,warm,9,2017
2017-09-20,17.827480272821106,68.27377246113005,very cloudy,warm,9,2017
2017-09-21,15.986973533738713,45.31599411152064,partly cloudy,warm,9,2017
2017-09-22,17.860595865923248,107.46585718117257,partly cloudy,warm,9,2017
2017-09-23,16.644487340406705,25.870108067353,clear,warm,9,2017
2017-09-24,15.305155180261329,100.9660851487366,clear,warm,9,2017
2017-09-25,16.884634398803946,107.65814880327082,clear,warm,9,2017
2017-09-26,13.749954343087428,1.7564514605414985,clear,cool,9,2017
2017-09-27,13.844078917057274,122.81720533621883,very cloudy,cool,9,2017
2017-09-28,15.154255293450616,122.96654670319761,partly cloudy,warm,9,2017
2017-09-29,10.886460582336959,66.95182693405191,partly cloudy,cool,9,2017
2017-09-30,11.767005451163355,33.88862351341567,partly cloudy,cool,9,2017
2017-10-01,8.383393391281102,59.062254539179435,partly cloudy,cool,10,2017
2017-10-02,13.713819900648746,2.0291432372379035,clear,cool,10,2017
2017-10-03,12.315332853831261,0.0,clear,cool,10,2017
2017-10-04,11.891310587654907,24.159547777467573,partly cloudy,cool,10,2017
2017-10-05,15.925433768977534,39.338585798259956,clear,warm,10,2017
2017-10-06,9.678127968658075,30.161596018225012,clear,cool,10,2017
2017-10-07,10.460341031642024,11.167641273754533,clear,cool,10,2017
2017-10-08,11.383232231549984,125.54970949993246,partly cloudy,cool,10,2017
2017-10-09,5.737004292807497,128.9432843830325,partly cloudy,cool,10,2017
2017-10-10,8.230924527780271,46.854756247403614,very cloudy,cool,10,2017
2017-10-11,10.825923934553733,130.47193047659405,clear,cool,10,2017
2017-10-12,13.630644284081875,93.46079756808678,clear,cool,10,2017
2017-10-13,5.037027765680618,0.0,very cloudy,cool,10,2017
2017-10-14,11.623402616704702,0.0,very cloudy,cool,10,2017
2017-10-15,7.700765364522997,63.38941181269051,partly cloudy,cool,10,2017
2017-10-16,10.477736264975372,7.365705911072276,partly cloudy,cool,10,2017
2017-10-17,4.9154388842746854,23.290847984455098,partly cloudy,cold,10,2017
2017-10-18,9.190433923675295,146.57403586559747,partly cloudy,cool,10,2017
2017-10-19,6.67270907530869,0.0,partly cloudy,cool,10,2017
2017-10-20,13.13173458697089,124.60724775347458,partly cloudy,cool,10,2017
2017-10-21,8.300556374707158,66.37689903125067,very cloudy,cool,10,2017
2017-10-22,10.404066515320096,72.98058611916625,clear,cool,10,2017
2017-10-23,9.270096713960404,85.05759542820022,clear,cool,10,2017
2017-10-24,11.565602474024548,0.0,very cloudy,cool,10,2017
2017-10-25,10.157484320996916,133.71032091529827,partly cloudy,cool,10,2017
2017-10-26,0.8666525791492807,57.33831256924249,partly cloudy,cold,10,2017
2017-10-27,8.566764434193283,112.28550226218981,partly cloudy,cool,10,2017
2017-10-28,9.840927029097898,57.43907033533084,very cloudy,cool,10,2017
2017-10-29,4.186627935520322,74.95741325491745,partly cloudy,cold,10,2017
2017-10-30,6.9785940158553315,184.38099665445793,partly cloudy,cool,10,2017
2017-10-31,1.6229070624137698,19.752610849926285,partly cloudy,cold,10,2017
2017-11-01,12.939255706617839,33.77409522926562,very cloudy,cool,11,2017
2017-11-02,4.94080362897894,79.33839355045546,clear,cold,11,2017
2017-11-03,0.6468726764470141,43.505738099677075,partly cloudy,cold,11,2017
2017-11-04,5.601901824615916,16.67620913831656,partly cloudy,cool,11,2017
2017-11-05,6.08359957807168,63.41391440317579,partly cloudy,cool,11,2017
2017-11-06,6.33300904074879,48.00288040669696,partly cloudy,cool,11,2017
2017-11-07,3.831008973696976,1.7064842162629361,clear,cold,11,2017
2017-11-08,2.171242337999834,16.188294287966706,clear,cold,11,2017
2017-11-09,2.6334269325005772,55.753399213914655,clear,cold,11,2017
2017-11-10,2.195881440449136,145.90081234414225,clear,cold,11,2017
2017-11-11,-1.5684645008279876,66.51699648187794,clear,cold,11,2017
2017-11-12,7.216426080794696,33.69466317148205,partly cloudy,cool,11,2017
2017-11-13,3.837568680021751,69.80439164691872,very cloudy,cold,11,2017
2017-11-14,1.5874739602330354,0.0,clear,cold,11,2017
2017-11-15,1.07061859198964,34.947478380040344,partly cloudy,cold,11,2017
2017-11-16,4.2250671125718195,96.56328290669003,clear,cold,11,2017
2017-11-17,-1.5726423866779777,65.56898054596634,partly cloudy,cold,11,2017
2017-11-18,-0.17562130665326414,84.18273262246792,clear,cold,11,2017
2017-11-19,2.8187581421499024,25.00932164487076,partly cloudy,cold,11,2017
2017-11-20,2.587044565790715,50.64449022801665,partly cloudy,cold,11,2017
2017-11-21,0.11878165448112066,69.70963307798775,clear,cold,11,2017
2017-11-22,0.4947770119253221,106.91887039854382,partly cloudy,cold,11,2017
2017-11-23,2.141070592290782,120.3329167058297,partly cloudy,cold,11,2017
2017-11-24,6.316351540290688,11.229693612533225,partly cloudy,cool,11,2017
2017-11-25,0.9063495010707361,71.70812393421559,partly cloudy,cold,11,2017
2017-11-26,4.422220017104529,158.85806040002836,clear,cold,11,2017
2017-11-27,-0.5314514235553127,152.99560677548482,partly cloudy,cold,11,2017
2017-11-28,-0.24174455786415838,152.94372643977763,clear,cold,11,2017
2017-11-29,-0.2726160847071517,16.746818083984856,clear,cold,11,2017
2017-11-30,4.980851387862007,0.0,clear,cold,11,2017
2017-12-01,-2.098790780861338,77.47924205198726,very cloudy,cold,12,2017
2017-12-02,5.739367051959829,141.4746280695049,partly cloudy,cool,12,2017
2017-12-03,0.907877504491654,21.522317273512904,partly cloudy,cold,12,2017
2017-12-04,2.8420081815610674,102.95435124233826,clear,cold,12,2017
2017-12-05,1.216268117430339,0.0,clear,cold,12,2017
2017-12-06,1.3527072891555167,88.83876166077295,very cloudy,cold,12,2017
2017-12-07,1.2817312027462195,81.24845790138401,partly cloudy,cold,12,2017
2017-12-08,-2.4740067837594286,5.875163165439034,partly cloudy,cold,12,2017
2017-12-09,1.5550731718517903,9.53243263312762,partly cloudy,cold,12,2017
2017-12-10,-4.366005113791603,86.37780842920992,partly cloudy,cold,12,2017
2017-12-11,0.15175006979791275,34.13683890216229,partly cloudy,cold,12,2017
2017-12-12,0.6856100296410808,107.57176541835778,partly cloudy,cold,12,2017
2017-12-13,-2.6613540381322225,85.830852837663,partly cloudy,cold,12,2017
2017-12-14,-5.966793053921131,59.56102572450973,clear,cold,12,2017
2017-12-15,5.48206139621442,115.65184198329135,partly cloudy,cool,12,2017
2017-12-16,1.5796043200992107,80.45402618265385,partly cloudy,cold,12,2017
2017-12-17,3.127872041288454,74.7943243112678,partly cloudy,cold,12,2017
2017-12-18,-1.1202841883565242,0.0,partly cloudy,cold,12,2017
2017-12-19,1.6816303825116838,2.8764798630260344,partly cloudy,cold,12,2017
2017-12-20,3.299870134090269,33.622756590575484,clear,cold,12,2017
2017-12-21,3.8862924489665014,16.526123736469167,partly cloudy,cold,12,2017
2017-12-22,-3.1461106579238862,8.479774371960119,very cloudy,cold,12,2017
2017-12-23,-2.483127388200422,28.374582550908627,partly cloudy,cold,12,2017
2017-12-24,-0.6449982880153673,62.387111574214074,very cloudy,cold,12,2017
2017-12-25,-0.6872928208169953,99.89723592354119,partly cloudy,cold,12,2017
2017-12-26,-3.6341653153961158,57.75609210848183,clear,cold,12,2017
2017-12-27,0.29807765486084636,0.0,very cloudy,cold,12,2017
2017-12-28,-1.0082585203404717,35.11594960597208,clear,cold,12,2017
2017-12-29,1.1258214163577334,147.2366279448771,partly cloudy,cold,12,2017
2017-12-30,-2.7921471037210166,43.86315497849817,very cloudy,cold,12,2017
2017-12-31,-3.803664779079795,9.077336902276535,very cloudy,cold,12,2017
2018-01-01,0.0009166132396422055,0.0,partly cloudy,cold,1,2018
2018-01-02,-0.7920846089417483,116.10248713518659,partly cloudy,cold,1,2018
2018-01-03,1.5596556613332027,42.04081580139534,partly cloudy,cold,1,2018
2018-01-04,0.2485782318296006,79.89575379730192,partly cloudy,cold,1,2018
2018-01-05,3.5071054500463923,94.15558716054878,clear,cold,1,2018
2018-01-06,0.9906159383702589,0.0,very cloudy,cold,1,2018
2018-01-07,0.3352202592801454,29.848471050865765,clear,cold,1,2018
2018-01-08,-2.1806650456329826,90.68911829273316,clear,cold,1,2018
2018-01-09,-0.7373863235360762,0.0,clear,cold,1,2018
2018-01-10,-3.807085070240049,51.357722135219575,partly cloudy,cold,1,2018
2018-01-11,-0.08943976705625978,65.1738049312837,very cloudy,cold,1,2018
2018-01-12,-4.979972057800989,66.0796462085248,clear,cold,1,2018
2018-01-13,3.541146981962986,118.20846090896435,partly cloudy,cold,1,2018
2018-01-14,-1.180846293221479,18.71778444554625,clear,cold,1,2018
2018-01-15,-0.15590352691746867,73.6467047852812,partly cloudy,cold,1,2018
2018-01-16,-3.89872142336016,52.04694197084032,partly cloudy,cold,1,2018
2018-01-17,-5.757338005172905,77.36805569833655,partly cloudy,cold,1,2018
2018-01-18,-3.439732460818135,24.005035834310377,partly cloudy,cold,1,2018
2018-01-19,-0.4320184519942353,76.62156852770744,clear,cold,1,2018
2018-01-20,3.148390039007573,29.393936654501502,partly cloudy,cold,1,2018
2018-01-21,-5.147790430373502,27.581180561606168,clear,cold,1,2018
2018-01-22,-1.4585355284989028,32.11131060858551,partly cloudy,cold,1,2018
2018-01-23,2.5028290775510635,64.5172235105144,partly cloudy,cold,1,2018
2018-01-24,-0.219452678378068,8.306956276931658,clear,cold,1,2018
2018-01-25,0.17745882376643018,80.1067174102518,partly cloudy,cold,1,2018
2018-01-26,0.1678416119647817,8.374682804524689,very cloudy,cold,1,2018
2018-01-27,-0.18095760094568172,0.0,clear,cold,1,2018
2018-01-28,4.342938768317393,79.41238868716653,clear,cold,1,2018
2018-01-29,1.7882978239446263,23.18825398332902,clear,cold,1,2018
2018-01-30,1.8172597605323568,22.820573996526946,very cloudy,cold,1,2018
2018-01-31,0.9614817548507777,124.08947209239274,very cloudy,cold,1,2018
2018-02-01,-1.0140781608757012,122.81965820465226,very cloudy,cold,2,2018
2018-02-02,1.615077899539322,9.921724897288435,partly cloudy,cold,2,2018
2018-02-03,-0.8883727645283286,45.84530375531749,very cloudy,cold,2,2018
2018-02-04,0.5494621093979035,0.0,very cloudy,cold,2,2018
2018-02-05,-1.3188206863577352,40.203032336573884,very cloudy,cold,2,2018
2018-02-06,1.092014430206294,26.293862315132728,very cloudy,cold,2,2018
2018-02-07,-0.2695347987176493,102.39981693433543,partly cloudy,cold,2,2018
2018-02-08,3.9600413543866493,0.0,very cloudy,cold,2,2018
2018-02-09,0.22332222337738594,34.65660375489926,very cloudy,cold,2,2018
2018-02-10,1.1440111744503962,1.1112865504035057,partly cloudy,cold,2,2018
2018-02-11,5.8167487054707445,0.0,very cloudy,cool,2,2018
2018-02-12,-1.037070576494738,0.0,partly cloudy,cold,2,2018
2018-02-13,-0.03600509064590485,0.6543577095241844,partly cloudy,cold,2,2018
2018-02-14,3.7116249825923746,0.0,clear,cold,2,2018
2018-02-15,2.765563479558284,41.843612499601576,partly cloudy,cold,2,2018
2018-02-16,-2.6476908252724396,0.0,partly cloudy,cold,2,2018
2018-02-17,4.8225045612690725,0.0,partly cloudy,cold,2,2018
2018-02-18,1.999644877556058,0.0,partly cloudy,cold,2,2018
2018-02-19,3.92517672972076,62.76137118949497,clear,cold,2,2018
2018-02-20,-0.41783147575466284,84.23080667710059,partly cloudy,cold,2,2018
2018-02-21,-1.0092337363177215,2.0447086807247814,partly cloudy,cold,2,2018
2018-02-22,1.0064233684379298,61.39987085866307,very cloudy,cold,2,2018
2018-02-23,4.662149699991585,13.802266375637874,partly cloudy,cold,2,2018
2018-02-24,5.007573199671463,0.0,clear,cool,2,2018
2018-02-25,4.912479395334781,0.0,very cloudy,cold,2,2018
2018-02-26,5.842769161851424,10.558227883702969,clear,cool,2,2018
2018-02-27,1.9745736529941054,0.0,partly cloudy,cold,2,2018
2018-02-28,3.454771048058903,113.79387399994307,partly cloudy,cold,2,2018
2018-03-01,7.109437611593705,17.260683651877248,partly cloudy,cool,3,2018
2018-03-02,6.9284313880789155,0.0,partly cloudy,cool,3,2018
2018-03-03,7.9175246886042085,19.247360868873717,clear,cool,3,2018
2018-03-04,1.3155208284277062,78.76913428716895,clear,cold,3,2018
2018-03-05,3.1405642325398215,84.23063074833362,partly cloudy,cold,3,2018
2018-03-06,1.9534626943832043,28.471598031479495,partly cloudy,cold,3,2018
2018-03-07,8.390012609254041,91.13141179756867,partly cloudy,cool,3,2018
2018-03-08,6.152611214593116,30.752316360576536,clear,cool,3,2018
2018-03-09,5.014091907337833,0.0,partly cloudy,cool,3,2018
2018-03-10,4.311808664806617,9.41362001167343,partly cloudy,cold,3,2018
2018-03-11,7.639422150203699,41.51524231584245,clear,cool,3,2018
2018-03-12,11.912482965022164,0.0,clear,cool,3,2018
2018-03-13,3.271836282828229,23.07517306606549,very cloudy,cold,3,2018
2018-03-14,8.250893227782106,65.1306180454589,clear,cool,3,2018
2018-03-15,6.94782738837251,84.62800009310835,clear,cool,3,2018
2018-03-16,10.75973986617022,59.07055833871649,partly cloudy,cool,3,2018
2018-03-17,2.8834404729630965,124.16871847036683,clear,cold,3,2018
2018-03-18,4.890137050754946,79.1114814830517,very cloudy,cold,3,2018
2018-03-19,10.626621350536865,0.0,partly cloudy,cool,3,2018
2018-03-20,8.516874090638321,0.0,partly cloudy,cool,3,2018
2018-03-21,8.670128601134419,49.31609704749667,partly cloudy,cool,3,2018
2018-03-22,8.627206342820877,0.0,partly cloudy,cool,3,2018
2018-03-23,11.78672309322444,0.0,very cloudy,cool,3,2018
2018-03-24,8.948348531898251,130.7904777119315,partly cloudy,cool,3,2018
2018-03-25,10.099299085026324,61.10951250815476,clear,cool,3,2018
2018-03-26,9.498366915343277,19.117385875105512,very cloudy,cool,3,2018
2018-03-27,11.179437209819385,35.98306594320695,very cloudy,cool,3,2018
2018-03-28,4.574487916831674,0.0,partly cloudy,cold,3,2018
2018-03-29,7.022047214563891,44.475769601247165,partly cloudy,cool,3,2018
2018-03-30,7.794235880454686,80.54747416255341,clear,cool,3,2018
2018-03-31,11.913212682752933,47.89705138044588,very cloudy,cool,3,2018
2018-04-01,10.900475862608745,27.413100648947754,partly cloudy,cool,4,2018
2018-04-02,7.104185578785903,34.44661247601988,partly cloudy,cool,4,2018
2018-04-03,13.083365673566034,0.0,very cloudy,cool,4,2018
2018-04-04,11.089933259735895,91.83713705343459,partly cloudy,cool,4,2018
2018-04-05,9.064628213410945,124.0590522909693,partly cloudy,cool,4,2018
2018-04-06,8.220068007662574,0.0,clear,cool,4,2018
2018-04-07,9.543143601925717,12.86407639203303,partly cloudy,cool,4,2018
2018-04-08,11.138694770760004,1.3488916245167992,partly cloudy,cool,4,2018
2018-04-09,14.11851047078471,62.6900973917524,clear,cool,4,2018
2018-04-10,11.432652447576766,0.0,partly cloudy,cool,4,2018
2018-04-11,12.682190977067988,59.964960739276435,partly cloudy,cool,4,2018
2018-04-12,12.652202386677628,29.24516916555295,partly cloudy,cool,4,2018
2018-04-13,11.721093737071422,22.579580337694907,clear,cool,4,2018
2018-04-14,11.265667233504209,0.0,clear,cool,4,2018
2018-04-15,14.091310392407626,64.52351690551674,very cloudy,cool,4,2018
2018-04-16,12.732374941877866,0.0,partly cloudy,cool,4,2018
2018-04-17,12.066215068630644,85.83016192955864,partly cloudy,cool,4,2018
2018-04-18,14.072098107730621,0.0,clear,cool,4,2018
2018-04-19,17.721017544079317,0.0,partly cloudy,warm,4,2018
2018-04-20,13.38293469517674,0.0,clear,cool,4,2018
2018-04-21,12.091794486810137,23.86876508998921,very cloudy,cool,4,2018
2018-04-22,12.452889795153384,107.30371502285101,partly cloudy,cool,4,2018
2018-04-23,18.337811542162154,0.0,partly cloudy,warm,4,2018
2018-04-24,11.76936633668695,0.0,very cloudy,cool,4,2018
2018-04-25,13.81612480627804,0.0,partly cloudy,cool,4,2018
2018-04-26,17.686135113784474,0.0,clear,warm,4,2018
2018-04-27,18.22237727489253,37.49479876866053,very cloudy,warm,4,2018
2018-04-28,16.182621145125708,30.82219888577405,clear,warm,4,2018
2018-04-29,19.419140618902365,0.0,clear,warm,4,2018
2018-04-30,16.256792874035217,15.128236122925273,partly cloudy,warm,4,2018
2018-05-01,18.37465071791176,0.0,partly cloudy,warm,5,2018
2018-05-02,20.431862568841552,0.0,very cloudy,warm,5,2018
2018-05-03,20.257456760014353,0.0,very cloudy,warm,5,2018
2018-05-04,19.973545321437587,24.50215351861012,partly cloudy,warm,5,2018
2018-05-05,15.944737252866467,59.508239148148576,clear,warm,5,2018
2018-05-06,17.739324586431643,0.0,partly cloudy,warm,5,2018
2018-05-07,17.75867237477059,41.53625244306282,clear,warm,5,2018
2018-05-08,19.701363675970892,0.0,clear,warm,5,2018
2018-05-09,20.199237423596383,0.0,partly cloudy,warm,5,2018
2018-05-10,16.13088290658464,0.0,clear,warm,5,2018
2018-05-11,20.428190501051084,58.98019127993341,partly cloudy,warm,5,2018
2018-05-12,21.64238591621279,2.899841581378574,clear,warm,5,2018
2018-05-13,19.352887157166897,58.85565444003431,partly cloudy,warm,5,2018
2018-05-14,19.073367960691385,106.20557243294849,clear,warm,5,2018
2018-05-15,18.397226790761948,0.0,partly cloudy,warm,5,2018
2018-05-16,18.37409160234837,28.149246457802697,partly cloudy,warm,5,2018
2018-05-17,18.17660788848491,56.14582925283689,partly cloudy,warm,5,2018
2018-05-18,19.145054005615293,0.0,clear,warm,5,2018
2018-05-19,24.3435400962812,38.69321403264978,partly cloudy,warm,5,2018
2018-05-20,23.598062837068014,0.0,partly cloudy,warm,5,2018
2018-05-21,18.585222619895955,87.65758677371316,partly cloudy,warm,5,2018
2018-05-22,15.470217205787215,26.391966933860868,partly cloudy,warm,5,2018
2018-05-23,27.139657191816273,30.231277902722304,very cloudy,hot,5,2018
2018-05-24,19.323823191816857,0.0,clear,warm,5,2018
2018-05-25,20.867065265476164,2.4029850752360566,partly cloudy,warm,5,2018
2018-05-26,23.891845542495854,40.71113089562635,partly cloudy,warm,5,2018
2018-05-27,26.43045472209503,1.482230137847253,very cloudy,hot,5,2018
2018-05-28,25.647736412484562,0.0,partly cloudy,hot,5,2018
2018-05-29,26.50817994761492,0.0,partly cloudy,hot,5,2018
2018-05-30,24.015025825847715,0.0,partly cloudy,warm,5,2018
2018-05-31,17.14755140413113,100.17149714104086,clear,warm,5,2018
2018-06-01,21.4463632787844,0.0,partly cloudy,warm,6,2018
2018-06-02,26.305637359339638,14.963405953963623,clear,hot,6,2018
2018-06-03,24.24931833890561,75.50277292420967,clear,warm,6,2018
2018-06-04,21.2854901094611,0.0,very cloudy,warm,6,2018
2018-06-05,23.430072306393487,48.38603108907665,partly cloudy,warm,6,2018
2018-06-06,25.53785336215033,0.0,partly cloudy,hot,6,2018
2018-06-07,23.563674655730164,43.586963653262984,partly cloudy,warm,6,2018
2018-06-08,19.586246417276268,60.309204493385955,very cloudy,warm,6,2018
2018-06-09,19.976508457133818,101.17926967797403,clear,warm,6,2018
2018-06-10,23.115526278023083,74.11822317110398,clear,warm,6,2018
2018-06-11,29.632900388343568,86.236239005595,very cloudy,hot,6,2018
2018-06-12,21.414682156585624,0.0,clear,warm,6,2018
2018-06-13,24.89319503186102,15.109135757011295,clear,warm,6,2018
2018-06-14,25.312663866910043,38.47186192790225,partly cloudy,hot,6,2018
2018-06-15,27.987182548281424,126.8192052221909,partly cloudy,hot,6,2018
2018-06-16,24.518977359581754,10.607680233094793,partly cloudy,warm,6,2018
2018-06-17,24.8616351322631,0.0,partly cloudy,warm,6,2018
2018-06-18,26.17518234277823,24.470268171328655,clear,hot,6,2018
2018-06-19,21.31818497882213,0.0,partly cloudy,warm,6,2018
2018-06-20,24.54513620647262,75.90275200288625,clear,warm,6,2018
2018-06-21,22.213656018113184,131.3571262836276,partly cloudy,warm,6,2018
2018-06-22,26.030544497984387,83.39478070305145,partly cloudy,hot,6,2018
2018-06-23,24.262151834725977,61.401387455672705,clear,warm,6,2018
2018-06-24,25.076423085799213,82.1646520555954,partly cloudy,hot,6,2018
2018-06-25,20.847092373116283,57.947020366700286,very cloudy,warm,6,2018
2018-06-26,26.979913116344463,0.0,very cloudy,hot,6,2018
2018-06-27,22.901807108112667,15.47979424263724,partly cloudy,warm,6,2018
2018-06-28,27.026784771966014,0.0,partly cloudy,hot,6,2018
2018-06-29,23.3159278990218,0.0,clear,warm,6,2018
2018-06-30,26.71092904637417,33.709259372784295,clear,hot,6,2018
2018-07-01,27.440462022264867,62.50489412935632,clear,hot,7,2018
2018-07-02,26.453950331540295,0.0,partly cloudy,hot,7,2018
2018-07-03,25.49377814420022,9.840785341853838,partly cloudy,hot,7,2018
2018-07-04,23.856121783530487,0.0,clear,warm,7,2018
2018-07-05,30.559510337734494,0.0,clear,hot,7,2018
2018-07-06,23.321602653744893,124.35504832473964,partly cloudy,warm,7,2018
2018-07-07,24.313810912262127,0.0,very cloudy,warm,7,2018
2018-07-08,24.444479972054456,105.04847588166677,clear,warm,7,2018
2018-07-09,22.31597918894218,60.838114969780136,partly cloudy,warm,7,2018
2018-07-10,26.1799394037186,45.23029100768082,partly cloudy,hot,7,2018
2018-07-11,23.90296908564337,77.79802990211691,very cloudy,warm,7,2018
2018-07-12,27.750312252654627,56.02718269261469,partly cloudy,hot,7,2018
2018-07-13,26.11550328371864,77.35033446105254,clear,hot,7,2018
2018-07-14,25.896231453220732,37.09737236949727,very cloudy,hot,7,2018
2018-07-15,24.275732939032974,63.65377779279654,partly cloudy,warm,7,2018
2018-07-16,23.050076539404987,0.0,partly cloudy,warm,7,2018
2018-07-17,25.09052565596064,95.636942448311,clear,hot,7,2018
2018-07-18,25.73710600544911,28.07463442680983,partly cloudy,hot,7,2018
2018-07-19,28.52719285637071,11.489157517660125,partly cloudy,hot,7,2018
2018-07-20,26.023017240387247,0.0,clear,hot,7,2018
2018-07-21,21.588964225197344,37.41132618419812,very cloudy,warm,7,2018
2018-07-22,21.867981509628965,12.509120563256559,clear,warm,7,2018
2018-07-23,26.055353301239872,33.31009627474007,very cloudy,hot,7,2018
2018-07-24,23.30129027982841,0.0,clear,warm,7,2018
2018-07-25,21.193248025268932,15.702521376052694,partly cloudy,warm,7,2018
2018-07-26,24.961100408432443,45.80692956890512,clear,warm,7,2018
2018-07-27,29.72352196635719,32.70969824080787,partly cloudy,hot,7,2018
2018-07-28,25.96037089252407,58.90105940048673,clear,hot,7,2018
2018-07-29,28.463934281034774,41.285828056773596,partly cloudy,hot,7,2018
2018-07-30,22.13633100680213,12.300336680205596,clear,warm,7,2018
2018-07-31,20.75416403013136,47.53779227046643,partly cloudy,warm,7,2018
2018-08-01,27.709063570987947,43.81786744942038,partly cloudy,hot,8,2018
2018-08-02,25.172496831861153,0.0,partly cloudy,hot,8,2018
2018-08-03,20.684763140168332,52.82046246960553,partly cloudy,warm,8,2018
2018-08-04,24.62463984019517,43.19549321335542,very cloudy,warm,8,2018
2018-08-05,25.477085038591817,56.1940935021383,very cloudy,hot,8,2018
2018-08-06,20.169747221218945,84.28021314774065,partly cloudy,warm,8,2018
2018-08-07,25.738374870738816,24.28129217929351,clear,hot,8,2018
2018-08-08,23.195502597012403,45.786999882806114,partly cloudy,warm,8,2018
2018-08-09,26.176624000871293,0.0,partly cloudy,hot,8,2018
2018-08-10,23.421062975597025,31.2567285146657,very cloudy,warm,8,2018
2018-08-11,23.528486355050344,77.44482827620888,partly cloudy,warm,8,2018
2018-08-12,22.859661169173073,84.65095903123685,partly cloudy,warm,8,2018
2018-08-13,25.580063234739317,0.0,clear,hot,8,2018
2018-08-14,20.806314608050883,0.0,very cloudy,warm,8,2018
2018-08-15,22.276736882165075,37.53800009597945,partly cloudy,warm,8,2018
2018-08-16,20.379327640172654,21.785041508880383,partly cloudy,warm,8,2018
2018-08-17,21.109616763244176,0.0,clear,warm,8,2018
2018-08-18,21.040225021360044,38.480588937593765,clear,warm,8,2018
2018-08-19,18.294940029073206,26.318881474042325,partly cloudy,warm,8,2018
2018-08-20,25.067577020815236,134.26878894962567,clear,hot,8,2018
2018-08-21,16.864709479299087,67.51739106683887,partly cloudy,warm,8,2018
2018-08-22,22.977514015951808,44.64408340042695,very cloudy,warm,8,2018
2018-08-23,23.548834519055802,34.95186649237783,partly cloudy,warm,8,2018
2018-08-24,18.761244664397886,27.641886373130546,partly cloudy,warm,8,2018
2018-08-25,19.547623670145825,97.00981445075087,clear,warm,8,2018
2018-08-26,19.201257954688593,58.65407624707338,clear,warm,8,2018
2018-08-27,21.804624588185064,104.59376469036829,very cloudy,warm,8,2018
2018-08-28,21.525806868838504,104.17260376072008,partly cloudy,warm,8,2018
2018-08-29,24.088971596782116,0.0,partly cloudy,warm,8,2018
2018-08-30,20.71884403671963,63.93416306900025,partly cloudy,warm,8,2018
2018-08-31,20.954537414282782,72.18799556140364,partly cloudy,warm,8,2018
2018-09-01,16.05220268994844,111.8286167371015,very cloudy,warm,9,2018
2018-09-02,24.265148165658214,55.261332687998916,very cloudy,warm,9,2018
2018-09-03,20.232347463136477,0.0,partly cloudy,warm,9,2018
2018-09-04,19.556046371673457,0.0,partly cloudy,warm,9,2018
2018-09-05,18.247675437568446,68.47294085289292,partly cloudy,warm,9,2018
2018-09-06,15.156229716669314,108.60634297748265,very cloudy,warm,9,2018
2018-09-07,17.44199632650992,98.64696512358324,partly cloudy,warm,9,2018
2018-09-08,18.570435221132282,68.91094094823424,very cloudy,warm,9,2018
2018-09-09,19.041600859208494,76.38801935112123,partly cloudy,warm,9,2018
2018-09-10,19.404401516086107,67.29283034151372,clear,warm,9,2018
2018-09-11,16.21852724675119,8.659828187658,very cloudy,warm,9,2018
2018-09-12,18.25887097395283,37.812294000139765,very cloudy,warm,9,2018
2018-09-13,16.560434539442348,68.7623422286374,clear,warm,9,2018
2018-09-14,16.498746242421756,23.665943888108146,partly cloudy,warm,9,2018
2018-09-15,17.60810160313573,73.13789087002192,partly cloudy,warm,9,2018
2018-09-16,12.742883374787446,0.0,partly cloudy,cool,9,2018
2018-09-17,20.64475958237913,23.92092967450934,clear,warm,9,2018
2018-09-18,18.813108618978973,0.0,clear,warm,9,2018
2018-09-19,10.821829262446197,46.105014781093885,very cloudy,cool,9,2018
2018-09-20,15.724915239000724,36.84982719774518,partly cloudy,warm,9,2018
2018-09-21,19.42560814026981,23.70320278866142,very cloudy,warm,9,2018
2018-09-22,13.483986997837546,56.35793992351904,partly cloudy,cool,9,2018
2018-09-23,12.579173235896771,1.6620064097959357,partly cloudy,cool,9,2018
2018-09-24,15.523338555901313,0.0,clear,warm,9,2018
2018-09-25,14.667701433374155,0.0,partly cloudy,cool,9,2018
2018-09-26,10.782111597743436,17.91598115628814,partly cloudy,cool,9,2018
2018-09-27,13.916532259628772,28.618847017971433,clear,cool,9,2018
2018-09-28,11.554398108752762,80.01376322413607,clear,cool,9,2018
2018-09-29,13.189627370958771,68.5814451557254,partly cloudy,cool,9,2018
2018-09-30,14.716187652104901,120.68029108263798,very cloudy,cool,9,2018
2018-10-01,13.873742012680902,72.29364147403338,clear,cool,10,2018
2018-10-02,12.127207288222053,63.87007753073716,clear,cool,10,2018
2018-10-03,12.846860399908202,73.02117569026136,very cloudy,cool,10,2018
2018-10-04,10.386510447778502,31.833562950021815,partly cloudy,cool,10,2018
2018-10-05,13.758278050354644,5.913934314995757,partly cloudy,cool,10,2018
2018-10-06,11.507703576319322,46.67839038729396,partly cloudy,cool,10,2018
2018-10-07,15.984142321409884,50.60900460226746,partly cloudy,warm,10,2018
2018-10-08,6.544745255787099,13.031562730478292,partly cloudy,cool,10,2018
2018-10-09,9.839409550989267,28.457232197682657,very cloudy,cool,10,2018
2018-10-10,5.8612083772629004,84.52434953006372,partly cloudy,cool,10,2018
2018-10-11,12.863313356008149,5.17813869288139,partly cloudy,cool,10,2018
2018-10-12,5.214024611123625,85.80728972751609,partly cloudy,cool,10,2018
2018-10-13,10.911022311050475,120.44062643825112,partly cloudy,cool,10,2018
2018-10-14,8.605407772656637,41.43887154261359,clear,cool,10,2018
2018-10-15,11.42402149485928,41.358975554236615,very cloudy,cool,10,2018
2018-10-16,9.955556644186133,0.0,very cloudy,cool,10,2018
2018-10-17,10.47208188687926,75.91817699742445,partly cloudy,cool,10,2018
2018-10-18,10.005836940993545,74.33598076472711,partly cloudy,cool,10,2018
2018-10-19,11.571782631386533,24.291679565648366,clear,cool,10,2018
2018-10-20,4.20035806133593,90.7084545741918,clear,cold,10,2018
2018-10-21,9.484465851638603,31.40821994740901,partly cloudy,cool,10,2018
2018-10-22,7.670627507715999,138.8805096159129,very cloudy,cool,10,2018
2018-10-23,9.57369742083326,1.2387834204845944,clear,cool,10,2018
2018-10-24,9.427355582771686,46.61171583379779,partly cloudy,cool,10,2018
2018-10-25,4.786508386767132,51.30217039300499,clear,cold,10,2018
2018-10-26,5.954627999878545,113.23396985389925,very cloudy,cool,10,2018
2018-10-27,7.46697081046771,69.39829393036734,partly cloudy,cool,10,2018
2018-10-28,4.696729228644323,71.4878303957232,partly cloudy,cold,10,2018
2018-10-29,8.50053191496787,56.550183317686745,partly cloudy,cool,10,2018
2018-10-30,7.100074348785837,0.0,clear,cool,10,2018
2018-10-31,4.105656356292571,26.898762475859144,partly cloudy,cold,10,2018
2018-11-01,4.474709905738827,0.0,clear,cold,11,2018
2018-11-02,5.231485512721468,85.87812867652336,partly cloudy,cool,11,2018
2018-11-03,3.8867267508339585,52.152570085288154,partly cloudy,cold,11,2018
2018-11-04,4.634167839659293,6.5535839430375304,very cloudy,cold,11,2018
2018-11-05,5.840789262091644,5.022960295644552,partly cloudy,cool,11,2018
2018-11-06,1.2060515368404667,57.225858438881,partly cloudy,cold,11,2018
2018-11-07,5.537487443912051,81.79532156137078,clear,cool,11,2018
2018-11-08,4.426971804085168,62.391166261669696,partly cloudy,cold,11,2018
2018-11-09,6.863211650007111,24.22124956207852,very cloudy,cool,11,2018
2018-11-10,4.961158718969055,22.986090292827207,partly cloudy,cold,11,2018
2018-11-11,3.097399189418606,47.94108766988437,partly cloudy,cold,11,2018
2018-11-12,8.580734893111277,107.83708153973774,very cloudy,cool,11,2018
2018-11-13,1.4129137793575053,50.033174401811394,partly cloudy,cold,11,2018
2018-11-14,6.603150604791739,29.02170082743642,partly cloudy,cool,11,2018
2018-11-15,5.169632245184673,49.593158261678575,partly cloudy,cool,11,2018
2018-11-16,5.003986020200293,11.547273792020732,partly cloudy,cool,11,2018
2018-11-17,6.360716383589055,87.22384702049308,partly cloudy,cool,11,2018
2018-11-18,3.6744313476891097,24.331779223815317,clear,cold,11,2018
2018-11-19,4.129814143288793,0.0,partly cloudy,cold,11,2018
2018-11-20,5.6002505967165295,40.34454885280744,clear,cool,11,2018
2018-11-21,4.497392702546019,96.8623325515997,clear,cold,11,2018
2018-11-22,-0.1755280625523623,63.649140400018844,clear,cold,11,2018
2018-11-23,7.134723670084228,100.39606828774632,partly cloudy,cool,11,2018
2018-11-24,3.1952861381569733,8.031582922529282,partly cloudy,cold,11,2018
2018-11-25,0.21832988787983387,0.0,clear,cold,11,2018
2018-11-26,4.014996073638477,13.546868831425826,partly cloudy,cold,11,2018
2018-11-27,1.636831970597204,82.13478364863228,partly cloudy,cold,11,2018
2018-11-28,-3.211247516973816,135.0688239517039,clear,cold,11,2018
2018-11-29,2.100864038244031,90.7296185926296,very cloudy,cold,11,2018
2018-11-30,4.601063378822551,50.40322850233774,partly cloudy,cold,11,2018
2018-12-01,-2.1679194918960163,69.2079278968787,partly cloudy,cold,12,2018
2018-12-02,2.5673744257679587,0.0,partly cloudy,cold,12,2018
2018-12-03,3.1811732735901836,30.345026412695773,clear,cold,12,2018
2018-12-04,1.4438898858849476,141.82314473597245,partly cloudy,cold,12,2018
2018-12-05,-0.18592235533349344,114.85147456425807,very cloudy,cold,12,2018
2018-12-06,-0.9453697245520709,97.09481684090585,partly cloudy,cold,12,2018
2018-12-07,3.741965957384439,90.34840077711695,partly cloudy,cold,12,2018
2018-12-08,-0.3987620906659466,64.3612602969304,very cloudy,cold,12,2018
2018-12-09,-1.4212259327913006,9.446506674581684,clear,cold,12,2018
2018-12-10,-5.74663219866106,85.69589149924008,partly cloudy,cold,12,2018
2018-12-11,-0.4512757059648216,68.30788671659876,partly cloudy,cold,12,2018
2018-12-12,0.13434223322930605,96.15347469831522,very cloudy,cold,12,2018
2018-12-13,-1.8245938784718734,91.97220217839177,partly cloudy,cold,12,2018
2018-12-14,-2.919359543135263,23.87234911334277,partly cloudy,cold,12,2018
2018-12-15,3.1966961765950668,40.21791992164199,very cloudy,cold,12,2018
2018-12-16,2.8505186072785147,101.77106959488049,clear,cold,12,2018
2018-12-17,-0.912795412340593,83.50225583543244,clear,cold,12,2018
2018-12-18,0.9544321693413411,0.0,partly cloudy,cold,12,2018
2018-12-19,-1.9980930582957432,28.971306986188473,clear,cold,12,2018
2018-12-20,2.9563358654725294,65.28415201731715,partly cloudy,cold,12,2018
2018-12-21,0.5367844932819934,7.906450466102783,clear,cold,12,2018
2018-12-22,0.5179515054445332,50.842050000180905,very cloudy,cold,12,2018
2018-12-23,-1.611664457334759,69.07066079918857,partly cloudy,cold,12,2018
2018-12-24,-1.5126306523585447,0.0,very cloudy,cold,12,2018
2018-12-25,-3.79609382989653,50.55437327316467,very cloudy,cold,12,2018
2018-12-26,-2.3699954515146686,24.32462883260378,clear,cold,12,2018
2018-12-27,-2.4989931867045607,0.0,clear,cold,12,2018
2018-12-28,2.9999046882359037,0.0,partly cloudy,cold,12,2018
2018-12-29,-1.037031277743592,71.03732177439498,partly cloudy,cold,12,2018
2018-12-30,1.459630115422379,31.643108359810093,partly cloudy,cold,12,2018
2018-12-31,-4.867771023183424,0.0,partly cloudy,cold,12,2018
2019-01-01,0.12049088038600919,102.97895928591447,very cloudy,cold,1,2019
2019-01-02,-2.919227605682778,32.45110748774169,partly cloudy,cold,1,2019
2019-01-03,-2.549606213740414,0.0,partly cloudy,cold,1,2019
2019-01-04,1.1518586171473277,47.05095960740208,very cloudy,cold,1,2019
2019-01-05,-0.7769315363084152,39.51683230598502,partly cloudy,cold,1,2019
2019-01-06,-0.6411945520963,0.0,clear,cold,1,2019
2019-01-07,-1.3576671031349672,103.43126475190375,partly cloudy,cold,1,2019
2019-01-08,-1.7595290150869665,85.62597182265696,very cloudy,cold,1,2019
2019-01-09,-5.4525169484476255,26.2567921801028,very cloudy,cold,1,2019
2019-01-10,-0.8954398223716533,53.14274557243398,very cloudy,cold,1,2019
2019-01-11,3.0124854792232156,74.61224996023469,clear,cold,1,2019
2019-01-12,-0.06756986985955704,23.832346525318187,partly cloudy,cold,1,2019
2019-01-13,-3.1825590474756593,83.509116776203,partly cloudy,cold,1,2019
2019-01-14,-2.057873282869042,109.27406704631831,partly cloudy,cold,1,2019
2019-01-15,-1.7025547944672847,2.719670666873583,clear,cold,1,2019
2019-01-16,1.1960188551152056,0.0,partly cloudy,cold,1,2019
2019-01-17,0.5322080386538974,15.606236159379684,very cloudy,cold,1,2019
2019-01-18,-0.4605917853086973,101.40351732848252,partly cloudy,cold,1,2019
2019-01-19,1.9088267563212824,30.427719955589218,clear,cold,1,2019
2019-01-20,-0.5539178512192857,0.0,very cloudy,cold,1,2019
2019-01-21,0.5067001229111173,49.65668872672675,clear,cold,1,2019
2019-01-22,-0.2144319866655085,34.143110947921414,clear,cold,1,2019
2019-01-23,-2.508812002073801,0.0,partly cloudy,cold,1,2019
2019-01-24,-2.3472528252516263,10.270074111424393,partly cloudy,cold,1,2019
2019-01-25,-2.5179343632912294,149.23079165435476,partly cloudy,cold,1,2019
2019-01-26,0.7556412562738035,87.73132713308115,partly cloudy,cold,1,2019
2019-01-27,-3.1254454981795305,78.67860964703104,partly cloudy,cold,1,2019
2019-01-28,1.0800458589198527,34.42463366657131,partly cloudy,cold,1,2019
2019-01-29,0.18024475639213922,28.946635139212198,partly cloudy,cold,1,2019
2019-01-30,-4.242548614702424,13.435986956899214,partly cloudy,cold,1,2019
2019-01-31,3.27505402766001,99.4682667372775,partly cloudy,cold,1,2019
2019-02-01,0.5498523304671231,0.19945912148449452,partly cloudy,cold,2,2019
2019-02-02,-0.6128828102529433,0.0,partly cloudy,cold,2,2019
2019-02-03,-1.88434918129613,36.09622877582671,clear,cold,2,2019
2019-02-04,3.2460120106417616,0.0,partly cloudy,cold,2,2019
2019-02-05,2.8402286190882435,83.45038647972552,clear,cold,2,2019
2019-02-06,2.3904465841972824,47.06600058475991,very cloudy,cold,2,2019
2019-02-07,-2.2307593464359954,75.45981943181839,partly cloudy,cold,2,2019
2019-02-08,2.4438229951043895,35.90870523171287,very cloudy,cold,2,2019
2019-02-09,0.03223231500070134,0.0,partly cloudy,cold,2,2019
2019-02-10,-2.0869535870795946,0.0,clear,cold,2,2019
2019-02-11,2.217493170950144,52.45645983094353,partly cloudy,cold,2,2019
2019-02-12,0.3108819089754613,10.107689084291906,very cloudy,cold,2,2019
2019-02-13,0.954572114373956,19.746024883270927,clear,cold,2,2019
2019-02-14,-0.33786881701083304,75.62326293848395,partly cloudy,cold,2,2019
2019-02-15,3.963368531868726,0.0,partly cloudy,cold,2,2019
2019-02-16,3.0515004921138558,118.3700255508682,very cloudy,cold,2,2019
2019-02-17,3.99002231627503,0.0,partly cloudy,cold,2,2019
2019-02-18,-0.580093528254328,0.0,partly cloudy,cold,2,2019
2019-02-19,-0.8626139330510192,50.570727677685866,partly cloudy,cold,2,2019
2019-02-20,6.194758067214687,54.34324591903692,partly cloudy,cool,2,2019
2019-02-21,4.683780770673444,38.4889733662922,partly cloudy,cold,2,2019
2019-02-22,0.2159701753267944,24.05809713963556,clear,cold,2,2019
2019-02-23,5.813123404487527,0.0,partly cloudy,cool,2,2019
2019-02-24,3.2085336626562153,93.19531031100655,partly cloudy,cold,2,2019
2019-02-25,-1.9281192868534944,127.71970835173394,very cloudy,cold,2,2019
2019-02-26,2.137042418384319,43.29631957516726,clear,cold,2,2019
2019-02-27,2.9364746149153627,0.0,very cloudy,cold,2,2019
2019-02-28,-1.9708179806415638,0.0,very cloudy,cold,2,2019
2019-03-01,5.246580259603767,0.0,partly cloudy,cool,3,2019
2019-03-02,3.926954069708856,0.0,clear,cold,3,2019
2019-03-03,5.044840603001127,50.523587193463754,partly cloudy,cool,3,2019
2019-03-04,7.054154961916894,61.907372956197065,partly cloudy,cool,3,2019
2019-03-05,6.981088093266635,51.81210408492464,partly cloudy,cool,3,2019
2019-03-06,3.5735727620193956,46.888336725455346,partly cloudy,cold,3,2019
2019-03-07,5.413398502884351,11.653576360380004,very cloudy,cool,3,2019
2019-03-08,2.1700554139170616,60.16494769877891,partly cloudy,cold,3,2019
2019-03-09,5.8352565046943194,45.15418094327252,clear,cool,3,2019
2019-03-10,7.747938334097627,44.24063826017077,very cloudy,cool,3,2019
2019-03-11,6.410733021612452,0.0,clear,cool,3,2019
2019-03-12,5.768112603564072,18.69564547607888,partly cloudy,cool,3,2019
2019-03-13,6.5656837687038925,47.42364846064595,partly cloudy,cool,3,2019
2019-03-14,5.442099786563423,0.0,partly cloudy,cool,3,2019
2019-03-15,6.597018162055558,97.55719082645379,very cloudy,cool,3,2019
2019-03-16,5.6312571540364935,52.365207611797864,partly cloudy,cool,3,2019
2019-03-17,6.070196486159267,21.35274141565695,very cloudy,cool,3,2019
2019-03-18,4.979165322559876,0.0,clear,cold,3,2019
2019-03-19,7.974728880170688,0.0,clear,cool,3,2019
2019-03-20,3.9914486118973773,0.0,very cloudy,cold,3,2019
2019-03-21,8.801822791355404,49.731701118041414,partly cloudy,cool,3,2019
2019-03-22,11.360982177580583,39.47879318903065,very cloudy,cool,3,2019
2019-03-23,10.12576361924732,0.0,clear,cool,3,2019
2019-03-24,8.758338016364114,0.0,clear,cool,3,2019
2019-03-25,7.836396844259319,64.33488038868131,partly cloudy,cool,3,2019
2019-03-26,10.786708050302463,31.881124816215078,partly cloudy,cool,3,2019
2019-03-27,11.528981396910996,90.27502949522824,partly cloudy,cool,3,2019
2019-03-28,9.772269631919592,19.979322502286934,very cloudy,cool,3,2019
2019-03-29,12.516783117787229,76.94926057081312,clear,cool,3,2019
2019-03-30,9.246682233317536,100.76099397421618,clear,cool,3,2019
2019-03-31,11.366874175474615,5.005308326599707,very cloudy,cool,3,2019
2019-04-01,12.885197590510733,52.11578798291045,clear,cool,4,2019
2019-04-02,10.723263975186386,70.95724322582018,partly cloudy,cool,4,2019
2019-04-03,11.348451250985503,28.76796069073818,very cloudy,cool,4,2019
2019-04-04,10.840099852986604,0.0,clear,cool,4,2019
2019-04-05,9.239499242568844,0.0,partly cloudy,cool,4,2019
2019-04-06,15.7607475117742,5.965643902099053,clear,warm,4,2019
2019-04-07,9.265980976758852,51.309544634694234,partly cloudy,cool,4,2019
2019-04-08,14.419359067155582,95.53165840854086,very cloudy,cool,4,2019
2019-04-09,14.861035399495309,0.0,partly cloudy,cool,4,2019
2019-04-10,13.588689582746259,1.8503732277623754,partly cloudy,cool,4,2019
2019-04-11,14.185914331695104,0.0,clear,cool,4,2019
2019-04-12,14.237717375586232,46.37729954050201,clear,cool,4,2019
2019-04-13,13.221207656397846,79.50417830340122,very cloudy,cool,4,2019
2019-04-14,15.95113563397907,36.39554308342648,clear,warm,4,2019
2019-04-15,14.215103238853603,16.167839594047848,very cloudy,cool,4,2019
2019-04-16,10.23074781951679,0.0,partly cloudy,cool,4,2019
2019-04-17,19.044308774752196,104.30286165420523,partly cloudy,warm,4,2019
2019-04-18,11.54089025271053,92.8097321058705,partly cloudy,cool,4,2019
2019-04-19,15.340426372602588,27.842394651349395,partly cloudy,warm,4,2019
2019-04-20,14.825689401387015,45.98752169755,clear,cool,4,2019
2019-04-21,11.827826657520333,40.05181693398036,partly cloudy,cool,4,2019
2019-04-22,13.762574769865438,0.0,very cloudy,cool,4,2019
2019-04-23,15.106439685144265,0.0,very cloudy,warm,4,2019
2019-04-24,16.037015341467182,0.0,partly cloudy,warm,4,2019
2019-04-25,19.142778123272766,0.0,partly cloudy,warm,4,2019
2019-04-26,20.73858554482378,0.0,very cloudy,warm,4,2019
2019-04-27,16.514655958066147,37.44278008904386,partly cloudy,warm,4,2019
2019-04-28,14.176289097952843,0.0,partly cloudy,cool,4,2019
2019-04-29,18.19855255096401,54.62306674431672,partly cloudy,warm,4,2019
2019-04-30,20.545939913531086,0.0,clear,warm,4,2019
2019-05-01,20.241611758819293,0.0,partly cloudy,warm,5,2019
2019-05-02,18.624408860499866,0.0,clear,warm,5,2019
2019-05-03,16.13663391306027,42.75551955472835,clear,warm,5,2019
2019-05-04,17.735075487152596,0.0,partly cloudy,warm,5,2019
2019-05-05,19.135026589194435,17.312484292637343,clear,warm,5,2019
2019-05-06,21.945980468772525,0.0,partly cloudy,warm,5,2019
2019-05-07,16.66230068503048,10.89579768477827,partly cloudy,warm,5,2019
2019-05-08,22.72619447496519,9.28505350177172,partly cloudy,warm,5,2019
2019-05-09,20.424250480053136,41.814885210269324,partly cloudy,warm,5,2019
2019-05-10,23.82753005183398,73.56699480595113,very cloudy,warm,5,2019
2019-05-11,17.54077603810517,12.997654240410625,partly cloudy,warm,5,2019
2019-05-12,21.587437103317622,0.0,very cloudy,warm,5,2019
2019-05-13,15.502768621201533,0.0,clear,warm,5,2019
2019-05-14,26.82397297034082,11.85317386148677,partly cloudy,hot,5,2019
2019-05-15,21.10520105994515,82.67839233412295,very cloudy,warm,5,2019
2019-05-16,21.615422741718067,58.182391356621736,clear,warm,5,2019
2019-05-17,18.435422006193196,83.19174745560406,partly cloudy,warm,5,2019
2019-05-18,20.3885652871542,90.27345703156396,partly cloudy,warm,5,2019
2019-05-19,22.861264997795022,0.0,partly cloudy,warm,5,2019
2019-05-20,21.326519645610034,10.768774758262385,partly cloudy,warm,5,2019
2019-05-21,19.126876282256344,41.02138383625888,clear,warm,5,2019
2019-05-22,24.393500630861652,92.1845350166817,clear,warm,5,2019
2019-05-23,28.05486473040514,0.0,very cloudy,hot,5,2019
2019-05-24,19.928424977435515,42.2038537343993,clear,warm,5,2019
2019-05-25,20.701806053223024,139.23679003407594,clear,warm,5,2019
2019-05-26,22.222199060895445,63.79619845351969,partly cloudy,warm,5,2019
2019-05-27,17.320419311515618,0.0,partly cloudy,warm,5,2019
2019-05-28,18.607571805596542,26.96239986105382,partly cloudy,warm,5,2019
2019-05-29,20.831459547834104,63.506790509315984,partly cloudy,warm,5,2019
2019-05-30,19.746729812547265,177.4030790920292,partly cloudy,warm,5,2019
2019-05-31,23.37093164570733,0.0,very cloudy,warm,5,2019
2019-06-01,19.404820884200937,90.40869451342033,partly cloudy,warm,6,2019
2019-06-02,18.792023975203936,25.565657649376064,partly cloudy,warm,6,2019
2019-06-03,22.17753331428876,0.0,partly cloudy,warm,6,2019
2019-06-04,22.994933568799414,0.0,clear,warm,6,2019
2019-06-05,23.948107553900694,3.471715860626915,partly cloudy,warm,6,2019
2019-06-06,19.67517215301733,102.96110797237019,clear,warm,6,2019
2019-06-07,21.355205553944554,36.37736260644695,partly cloudy,warm,6,2019
2019-06-08,21.865578134354806,0.691083077395227,clear,warm,6,2019
2019-06-09,23.044808325833184,27.384799801232994,partly cloudy,warm,6,2019
2019-06-10,24.305658238941202,105.6752150893166,clear,warm,6,2019
2019-06-11,23.305410820216782,24.434179655512132,clear,warm,6,2019
2019-06-12,27.584371506208896,97.16857768742054,partly cloudy,hot,6,2019
2019-06-13,25.018307170870376,0.0,partly cloudy,hot,6,2019
2019-06-14,27.718354191558564,0.0,very cloudy,hot,6,2019
2019-06-15,23.59248377910095,10.626115695464414,very cloudy,warm,6,2019
2019-06-16,24.783447842388163,0.0,partly cloudy,warm,6,2019
2019-06-17,22.11713635469531,76.78662215525407,partly cloudy,warm,6,2019
2019-06-18,18.90294370444365,72.3197683144263,very cloudy,warm,6,2019
2019-06-19,25.650808376602342,35.718387297277076,clear,hot,6,2019
2019-06-20,23.845615866553345,80.0420360165248,partly cloudy,warm,6,2019
2019-06-21,27.68629594662135,0.0,clear,hot,6,2019
2019-06-22,25.56594733173192,0.0,partly cloudy,hot,6,2019
2019-06-23,26.844998702459375,82.20393116624197,partly cloudy,hot,6,2019
2019-06-24,28.390065315949737,0.0,partly cloudy,hot,6,2019
2019-06-25,25.861202127616465,71.63429304848238,clear,hot,6,2019
2019-06-26,24.25639436280133,0.0,partly cloudy,warm,6,2019
2019-06-27,28.873933877010607,6.136643284799021,clear,hot,6,2019
2019-06-28,27.08978958463596,34.61339945617786,clear,hot,6,2019
2019-06-29,25.76068496656959,41.17171766841985,clear,hot,6,2019
2019-06-30,24.772177101532076,67.09967421928337,partly cloudy,warm,6,2019
2019-07-01,20.1018096525271,0.0,partly cloudy,warm,7,2019
2019-07-02,20.33530888244862,16.236849013979693,clear,warm,7,2019
2019-07-03,24.693382102782074,1.885563736307418,clear,warm,7,2019
2019-07-04,25.09902640863659,25.506386694723183,very cloudy,hot,7,2019
2019-07-05,30.083957387298575,0.0,partly cloudy,hot,7,2019
2019-07-06,25.404156561973952,89.56624852698302,partly cloudy,hot,7,2019
2019-07-07,16.080764214445022,31.319994516018273,clear,warm,7,2019
2019-07-08,25.352806160165432,42.98886137690299,clear,hot,7,2019
2019-07-09,26.365772706866572,0.0,partly cloudy,hot,7,2019
2019-07-10,27.62287434259612,0.0,partly cloudy,hot,7,2019
2019-07-11,27.172297046852275,30.487686889393594,partly cloudy,hot,7,2019
2019-07-12,24.87607899619019,3.9914795495945015,partly cloudy,warm,7,2019
2019-07-13,30.50519106883715,33.46923981165073,clear,hot,7,2019
2019-07-14,31.78793474925348,12.056096635639292,partly cloudy,hot,7,2019
2019-07-15,20.12741577266531,72.06979098449712,partly cloudy,warm,7,2019
2019-07-16,24.036303498718464,78.66666520281024,partly cloudy,warm,7,2019
2019-07-17,30.538954417660886,0.0,very cloudy,hot,7,2019
2019-07-18,26.667681874051002,0.0,clear,hot,7,2019
2019-07-19,25.22791582566935,10.488157433286212,very cloudy,hot,7,2019
2019-07-20,20.972077179388588,149.53523064918826,partly cloudy,warm,7,2019
2019-07-21,26.152860586973006,45.900402962372596,partly cloudy,hot,7,2019
2019-07-22,26.096666884440204,87.09996319691533,clear,hot,7,2019
2019-07-23,22.301651741516274,117.16083123671865,clear,warm,7,2019
2019-07-24,24.397156058420073,68.63774109409506,partly cloudy,warm,7,2019
2019-07-25,22.81566826957152,90.6673082284531,clear,warm,7,2019
2019-07-26,26.12797067876386,0.0,clear,hot,7,2019
2019-07-27,26.04770984353736,18.27921585920356,partly cloudy,hot,7,2019
2019-07-28,25.190827454280672,64.24541310652175,very cloudy,hot,7,2019
2019-07-29,26.51754137108548,63.0170399035715,clear,hot,7,2019
2019-07-30,26.26785231453439,29.766757599924297,clear,hot,7,2019
2019-07-31,23.786580320244152,0.0,partly cloudy,warm,7,2019
2019-08-01,24.048310319913345,0.0,clear,warm,8,2019
2019-08-02,20.80246250025011,0.0,very cloudy,warm,8,2019
2019-08-03,24.543128227515094,0.0,clear,warm,8,2019
2019-08-04,25.483359332208504,0.0,very cloudy,hot,8,2019
2019-08-05,24.891240051948675,90.18841409017224,partly cloudy,warm,8,2019
2019-08-06,17.863412270792,30.313360338059596,partly cloudy,warm,8,2019
2019-08-07,26.93488893287871,79.31978686691866,partly cloudy,hot,8,2019
2019-08-08,16.50282339354295,51.36119843399639,partly cloudy,warm,8,2019
2019-08-09,21.616013215966866,68.06405392673005,very cloudy,warm,8,2019
2019-08-10,26.81670688391244,141.06922697104187,very cloudy,hot,8,2019
2019-08-11,23.423193723527614,0.0,partly cloudy,warm,8,2019
2019-08-12,24.97465048985982,0.0,partly cloudy,warm,8,2019
2019-08-13,24.67626192863552,75.73242610871348,partly cloudy,warm,8,2019
2019-08-14,23.586402374441345,47.887769633923256,clear,warm,8,2019
2019-08-15,18.85584557601309,101.34254201738841,partly cloudy,warm,8,2019
2019-08-16,21.310534178127558,0.0,clear,warm,8,2019
2019-08-17,22.369318642070517,0.0,partly cloudy,warm,8,2019
2019-08-18,21.623499193316267,71.26992103600153,partly cloudy,warm,8,2019
2019-08-19,22.198872006754048,66.79929899183153,partly cloudy,warm,8,2019
2019-08-20,15.960064268838792,89.73140184633391,clear,warm,8,2019
2019-08-21,19.12209062901337,36.88663584228942,partly cloudy,warm,8,2019
2019-08-22,17.56205333395289,0.0,partly cloudy,warm,8,2019
2019-08-23,22.91922301932045,0.0,clear,warm,8,2019
2019-08-24,18.258733859565275,60.44285287361282,clear,warm,8,2019
2019-08-25,21.819883943851146,155.30932301460106,clear,warm,8,2019
2019-08-26,22.25258162341493,113.06124684265563,partly cloudy,warm,8,2019
2019-08-27,23.31678980120331,89.0118832369584,clear,warm,8,2019
2019-08-28,24.59018455853645,61.05967737027897,clear,warm,8,2019
2019-08-29,21.154757490421133,119.56907928294117,very cloudy,warm,8,2019
2019-08-30,17.601381729408775,29.487047315015346,clear,warm,8,2019
2019-08-31,17.123838544660735,105.23158551148947,partly cloudy,warm,8,2019
2019-09-01,14.921100095254289,159.49535417572804,very cloudy,cool,9,2019
2019-09-02,19.598106014767268,31.043456519993846,partly cloudy,warm,9,2019
2019-09-03,16.098526552050807,99.2564881886925,partly cloudy,warm,9,2019
2019-09-04,17.410571064238134,83.38381929450665,partly cloudy,warm,9,2019
2019-09-05,22.011291696217334,57.12867870076823,clear,warm,9,2019
2019-09-06,16.619804571511153,0.0,partly cloudy,warm,9,2019
2019-09-07,19.19985814115337,0.0,clear,warm,9,2019
2019-09-08,17.82834852874442,0.0,very cloudy,warm,9,2019
2019-09-09,19.917619797132357,92.74114570507908,partly cloudy,warm,9,2019
2019-09-10,21.72928539069483,0.0,partly cloudy,warm,9,2019
2019-09-11,17.676228360867096,76.15313660963834,partly cloudy,warm,9,2019
2019-09-12,21.53878786619917,0.0,clear,warm,9,2019
2019-09-13,15.948257575788118,47.878753997748596,very cloudy,warm,9,2019
2019-09-14,16.9153911745548,69.46103239572005,clear,warm,9,2019
2019-09-15,15.39034281010901,81.35121040537007,partly cloudy,warm,9,2019
2019-09-16,15.051364765460475,73.13527112457075,partly cloudy,warm,9,2019
2019-09-17,13.026924461771493,71.32900564869749,partly cloudy,cool,9,2019
2019-09-18,14.262671023715853,41.369978559881595,very cloudy,cool,9,2019
2019-09-19,14.12149390879472,98.55908431632753,clear,cool,9,2019
2019-09-20,17.910165631429283,169.2492185814716,very cloudy,warm,9,2019
2019-09-21,13.529646829009192,0.0,clear,cool,9,2019
2019-09-22,16.879835959428355,95.49204280192895,partly cloudy,warm,9,2019
2019-09-23,14.577314997625377,52.75006022545626,very cloudy,cool,9,2019
2019-09-24,14.647797442427912,2.335208699237924,partly cloudy,cool,9,2019
2019-09-25,13.360050194025291,61.32524844416345,clear,cool,9,2019
2019-09-26,13.348841772951689,53.9952205843343,very cloudy,cool,9,2019
2019-09-27,12.20884827225451,65.57685679297089,partly cloudy,cool,9,2019
2019-09-28,12.56612784055067,37.73258075312702,clear,cool,9,2019
2019-09-29,17.0873906869259,32.04573747923793,very cloudy,warm,9,2019
2019-09-30,10.01235080620096,118.70349816324814,partly cloudy,cool,9,2019
2019-10-01,13.265910019526501,0.0,very cloudy,cool,10,2019
2019-10-02,13.028463397122504,37.12089908447753,clear,cool,10,2019
2019-10-03,10.734367099214321,70.39661926607609,clear,cool,10,2019
2019-10-04,14.556591934774351,12.469838940205086,partly cloudy,cool,10,2019
2019-10-05,14.078644056059492,23.380128384085708,partly cloudy,cool,10,2019
2019-10-06,19.27999865629348,53.358556830290226,very cloudy,warm,10,2019
2019-10-07,8.485905347209957,71.92359405720548,partly cloudy,cool,10,2019
2019-10-08,10.629878373604202,50.62375676602075,partly cloudy,cool,10,2019
2019-10-09,15.03675770962968,0.0,very cloudy,warm,10,2019
2019-10-10,10.786930664108771,85.85204122293229,clear,cool,10,2019
2019-10-11,14.611388649729356,73.84270922817595,clear,cool,10,2019
2019-10-12,9.596947360206356,103.89694771472762,partly cloudy,cool,10,2019
2019-10-13,9.940883410576205,39.97546890863863,partly cloudy,cool,10,2019
2019-10-14,9.869861361070283,107.48982742427435,clear,cool,10,2019
2019-10-15,11.57941187550273,120.1985665942633,partly cloudy,cool,10,2019
2019-10-16,12.268944214217097,22.248244555982723,partly cloudy,cool,10,2019
2019-10-17,14.029505921317917,128.3714628570751,clear,cool,10,2019
2019-10-18,10.93618045427829,82.24654591475088,partly cloudy,cool,10,2019
2019-10-19,13.164894325242171,0.0,clear,cool,10,2019
2019-10-20,10.14030129325625,0.0,partly cloudy,cool,10,2019
2019-10-21,9.016507115287066,64.4606952408856,clear,cool,10,2019
2019-10-22,7.290227011575681,73.15787050811224,partly cloudy,cool,10,2019
2019-10-23,5.13349304050794,74.69317148335932,clear,cool,10,2019
2019-10-24,7.9554283842509745,79.25066569708162,partly cloudy,cool,10,2019
2019-10-25,8.243699744434254,66.82243778446013,partly cloudy,cool,10,2019
2019-10-26,5.396478751298633,44.6824851814788,clear,cool,10,2019
2019-10-27,6.270316005891485,122.98941346831693,very cloudy,cool,10,2019
2019-10-28,10.486073268911676,92.18949521870164,clear,cool,10,2019
2019-10-29,5.9002443648915435,67.40763582499878,clear,cool,10,2019
2019-10-30,9.690881928425382,63.47127440339288,very cloudy,cool,10,2019
2019-10-31,2.3023177745684515,39.875199083032086,partly cloudy,cold,10,2019
2019-11-01,13.135154402024703,105.18831070007437,clear,cool,11,2019
2019-11-02,7.957366681791248,122.36836178734265,partly cloudy,cool,11,2019
2019-11-03,7.283454287500291,66.28255374198756,clear,cool,11,2019
2019-11-04,8.529248308001595,104.64125627578446,clear,cool,11,2019
2019-11-05,10.075469632196452,0.0,partly cloudy,cool,11,2019
2019-11-06,6.483913455608575,74.74979167707107,partly cloudy,cool,11,2019
2019-11-07,5.213964472099042,30.36267786166207,clear,cool,11,2019
2019-11-08,6.2122326344207375,20.710278760806332,partly cloudy,cool,11,2019
2019-11-09,3.003606900064489,78.57053044325954,clear,cold,11,2019
2019-11-10,4.881448336202018,99.99792999333383,partly cloudy,cold,11,2019
2019-11-11,3.8490939283038386,90.36444610272318,partly cloudy,cold,11,2019
2019-11-12,5.32263715783805,102.80167529631709,very cloudy,cool,11,2019
2019-11-13,3.857245716191602,52.58652222127603,very cloudy,cold,11,2019
2019-11-14,6.091575659233811,87.53803797791218,partly cloudy,cool,11,2019
2019-11-15,2.9925587057794156,0.0,clear,cold,11,2019
2019-11-16,3.0793877206030675,38.08404634408116,partly cloudy,cold,11,2019
2019-11-17,4.1513027886974925,50.03687143441883,very cloudy,cold,11,2019
2019-11-18,10.23531012936379,83.38088979609053,clear,cool,11,2019
2019-11-19,2.235950281084475,56.432459941387144,very cloudy,cold,11,2019
2019-11-20,6.954491457549234,107.88711377158222,clear,cool,11,2019
2019-11-21,2.5011479382154937,23.430851434929878,partly cloudy,cold,11,2019
2019-11-22,0.1122584809263425,0.0,clear,cold,11,2019
2019-11-23,1.6785140120516198,72.58271185292647,partly cloudy,cold,11,2019
2019-11-24,0.8744169058686722,44.74645854891174,very cloudy,cold,11,2019
2019-11-25,2.083768577308021,4.678088597182558,very cloudy,cold,11,2019
2019-11-26,1.4082232691548173,0.0,clear,cold,11,2019
2019-11-27,4.127496983156106,53.747142106329505,very cloudy,cold,11,2019
2019-11-28,2.55867065737588,53.61332037233629,clear,cold,11,2019
2019-11-29,1.209220616686606,88.3390741530727,partly cloudy,cold,11,2019
2019-11-30,0.6789286071177288,44.529909666389216,partly cloudy,cold,11,2019
2019-12-01,0.05713329284939994,122.38128345045769,clear,cold,12,2019
2019-12-02,4.662076949137706,79.16438075321058,partly cloudy,cold,12,2019
2019-12-03,3.0930831091274653,10.589028363889732,clear,cold,12,2019
2019-12-04,2.4119941966406646,96.65646207384057,partly cloudy,cold,12,2019
2019-12-05,0.4136702769769126,42.25656071273791,partly cloudy,cold,12,2019
2019-12-06,2.2630308047608976,35.6838833242327,partly cloudy,cold,12,2019
2019-12-07,1.1239740884704967,121.42278743292265,very cloudy,cold,12,2019
2019-12-08,-0.13079077479448642,92.66077434834688,partly cloudy,cold,12,2019
2019-12-09,3.618146652275194,28.357694045038052,clear,cold,12,2019
2019-12-10,0.7631990749220366,105.35435730182238,partly cloudy,cold,12,2019
2019-12-11,-3.1049249789882865,57.44835672602733,clear,cold,12,2019
2019-12-12,-0.8674044723484082,118.36501156667072,partly cloudy,cold,12,2019
2019-12-13,-1.3616457971293567,70.5441483927265,partly cloudy,cold,12,2019
2019-12-14,2.2941688510991494,0.0,partly cloudy,cold,12,2019
2019-12-15,-0.5098952885632231,4.5108821134559065,partly cloudy,cold,12,2019
2019-12-16,-2.321298854635705,28.28341279585183,clear,cold,12,2019
2019-12-17,-2.611062783745973,10.679120720015092,partly cloudy,cold,12,2019
2019-12-18,0.039579753528673156,50.127394011340094,clear,cold,12,2019
2019-12-19,-0.2980354101640562,81.65691104831997,partly cloudy,cold,12,2019
2019-12-20,-1.8542110091725368,48.802184470575675,clear,cold,12,2019
2019-12-21,0.7959874491596752,0.0,clear,cold,12,2019
2019-12-22,0.043196490047425984,65.29850526975918,partly cloudy,cold,12,2019
2019-12-23,-1.7431605772231575,105.69607158268681,clear,cold,12,2019
2019-12-24,-1.331872795019696,0.0,partly cloudy,cold,12,2019
2019-12-25,-4.1756059978527444,69.36110865440213,very cloudy,cold,12,2019
2019-12-26,-1.7160299283003246,140.5114214002396,very cloudy,cold,12,2019
2019-12-27,-1.9669845551621943,0.0,partly cloudy,cold,12,2019
2019-12-28,3.7510558497720856,12.177728369980407,partly cloudy,cold,12,2019
2019-12-29,1.0949348594293316,4.991657100593052,clear,cold,12,2019
2019-12-30,3.0866775301454803,62.56853559220221,very cloudy,cold,12,2019
2019-12-31,-3.8414439995094276,31.341143463631035,clear,cold,12,2019
2020-01-01,0.562047818054535,0.0,partly cloudy,cold,1,2020
2020-01-02,-2.9333785169499453,84.28919131962547,very cloudy,cold,1,2020
2020-01-03,-2.3653426873453527,48.39974072243524,very cloudy,cold,1,2020
2020-01-04,-1.2699743750351735,0.0,partly cloudy,cold,1,2020
2020-01-05,-0.9212525582907073,47.910057933954334,partly cloudy,cold,1,2020
2020-01-06,-1.7809003018232925,55.02080636333723,partly cloudy,cold,1,2020
2020-01-07,3.3918964189998766,54.38574374330121,very cloudy,cold,1,2020
2020-01-08,-2.7311258947379295,0.0,very cloudy,cold,1,2020
2020-01-09,0.43645475903111963,0.0,partly cloudy,cold,1,2020
2020-01-10,-1.1769308940796528,0.0,clear,cold,1,2020
2020-01-11,-4.416974247547862,60.8815521154563,partly cloudy,cold,1,2020
2020-01-12,-0.5219357294674429,0.0,partly cloudy,cold,1,2020
2020-01-13,-1.0021976878488659,0.0,partly cloudy,cold,1,2020
2020-01-14,3.6788271447035896,22.762551578800434,partly cloudy,cold,1,2020
2020-01-15,-1.787262508883192,70.5503155044523,very cloudy,cold,1,2020
2020-01-16,0.46629627847606514,46.44768336169237,partly cloudy,cold,1,2020
2020-01-17,-1.038118535021126,65.25535018083609,partly cloudy,cold,1,2020
2020-01-18,3.3308954611493613,113.18379615577763,very cloudy,cold,1,2020
2020-01-19,1.3023204567460231,120.65079681635851,clear,cold,1,2020
2020-01-20,-7.768619431157153,19.699892989929694,partly cloudy,cold,1,2020
2020-01-21,0.2907526426913474,1.6515301697123164,clear,cold,1,2020
2020-01-22,1.8222068901800306,0.0,partly cloudy,cold,1,2020
2020-01-23,-0.9102686801123405,53.27978878498442,clear,cold,1,2020
2020-01-24,-0.8474685819108029,91.93726834635314,partly cloudy,cold,1,2020
2020-01-25,2.629377704796033,0.0,partly cloudy,cold,1,2020
2020-01-26,1.7659532568880987,5.5891524905734045,partly cloudy,cold,1,2020
2020-01-27,0.2543671757469631,41.93786137709837,partly cloudy,cold,1,2020
2020-01-28,2.0822658600839046,11.819847572142784,partly cloudy,cold,1,2020
2020-01-29,-2.551704822751003,0.0,partly cloudy,cold,1,2020
2020-01-30,-0.7059457874909248,27.243829300941357,very cloudy,cold,1,2020
2020-01-31,4.269053980800551,89.76939971227279,partly cloudy,cold,1,2020
2020-02-01,2.1753548467456527,103.27928849063724,partly cloudy,cold,2,2020
2020-02-02,1.0853353356083169,0.0,partly cloudy,cold,2,2020
2020-02-03,3.0958502823272207,0.0,partly cloudy,cold,2,2020
2020-02-04,2.748001485565843,0.0,clear,cold,2,2020
2020-02-05,1.7457558922892622,45.7728609118121,very cloudy,cold,2,2020
2020-02-06,-2.844980008781424,184.82113205728987,partly cloudy,cold,2,2020
2020-02-07,0.170505465870872,8.93690976001777,partly cloudy,cold,2,2020
2020-02-08,-0.6544570786141681,0.0,clear,cold,2,2020
2020-02-09,0.8594463423561673,54.93463106925938,very cloudy,cold,2,2020
2020-02-10,0.014836936015134361,14.73044750411507,partly cloudy,cold,2,2020
2020-02-11,-0.2825489973745223,81.01183652075088,clear,cold,2,2020
2020-02-12,-0.3287136253264702,0.0,clear,cold,2,2020
2020-02-13,3.6027091297826397,40.00077923688686,partly cloudy,cold,2,2020
2020-02-14,5.493857613350756,0.0,clear,cool,2,2020
2020-02-15,2.542484849659459,0.0,clear,cold,2,2020
2020-02-16,2.786098172622683,0.0,partly cloudy,cold,2,2020
2020-02-17,0.8357418263676322,9.361170586792987,partly cloudy,cold,2,2020
2020-02-18,3.012502789634807,26.358820789996944,clear,cold,2,2020
2020-02-19,-3.583718318950276,0.0,partly cloudy,cold,2,2020
2020-02-20,1.6556046352242835,16.80601573939006,clear,cold,2,2020
2020-02-21,1.6799403611800212,98.97153381692479,very cloudy,cold,2,2020
2020-02-22,5.27863247068694,49.57037663153597,clear,cool,2,2020
2020-02-23,3.160621108035693,0.0,partly cloudy,cold,2,2020
2020-02-24,6.4432050396577685,103.46276162861457,partly cloudy,cool,2,2020
2020-02-25,5.944454375186769,29.57344777930242,partly cloudy,cool,2,2020
2020-02-26,1.7676950005874073,0.0,clear,cold,2,2020
2020-02-27,8.269235796028099,0.0,partly cloudy,cool,2,2020
2020-02-28,3.9462764667392443,0.0,partly cloudy,cold,2,2020
2020-02-29,3.44809969397342,54.0083827561987,partly cloudy,cold,2,2020
2020-03-01,4.998832136585309,61.18417872419055,partly cloudy,cold,3,2020
2020-03-02,3.8915356518131237,126.03035009615465,partly cloudy,cold,3,2020
2020-03-03,2.852722434379414,0.0,partly cloudy,cold,3,2020
2020-03-04,4.6635832959781895,28.47836277738847,very cloudy,cold,3,2020
2020-03-05,4.051580215508045,54.97777825802418,partly cloudy,cold,3,2020
2020-03-06,2.972948540838895,67.80557110521855,clear,cold,3,2020
2020-03-07,8.117753113334855,25.34681090511839,very cloudy,cool,3,2020
2020-03-08,6.232971549488286,0.2320329357781148,very cloudy,cool,3,2020
2020-03-09,1.3074444028059808,0.0,partly cloudy,cold,3,2020
2020-03-10,7.360925067561469,93.1587025109343,very cloudy,cool,3,2020
2020-03-11,9.747527142441974,0.0,clear,cool,3,2020
2020-03-12,5.197327622926043,0.0,partly cloudy,cool,3,2020
2020-03-13,9.583811404652414,0.0,partly cloudy,cool,3,2020
2020-03-14,5.530896729012389,138.09910894600006,partly cloudy,cool,3,2020
2020-03-15,5.79916125377486,101.6036899465809,very cloudy,cool,3,2020
2020-03-16,5.80547956679888,12.654530941583761,clear,cool,3,2020
2020-03-17,6.53863589262659,0.0,partly cloudy,cool,3,2020
2020-03-18,6.700426529687807,0.0,partly cloudy,cool,3,2020
2020-03-19,5.89926817230626,0.0,very cloudy,cool,3,2020
2020-03-20,6.093493723105288,50.253879870097975,very cloudy,cool,3,2020
2020-03-21,6.899118678447051,43.174027405062816,partly cloudy,cool,3,2020
2020-03-22,3.4838837113361905,49.0957045573282,partly cloudy,cold,3,2020
2020-03-23,10.523617164971395,0.0,clear,cool,3,2020
2020-03-24,8.06624861288703,7.460530051174526,partly cloudy,cool,3,2020
2020-03-25,12.510489295088222,21.950550294181916,clear,cool,3,2020
2020-03-26,11.560540667417355,3.751883601427835,clear,cool,3,2020
2020-03-27,9.05483629270051,49.007176680481706,partly cloudy,cool,3,2020
2020-03-28,7.684071094523178,73.73654643529234,partly cloudy,cool,3,2020
2020-03-29,10.420838587109152,0.0,very cloudy,cool,3,2020
2020-03-30,10.938524223806944,0.0,very cloudy,cool,3,2020
2020-03-31,14.327806585633445,55.574966494225045,partly cloudy,cool,3,2020
2020-04-01,12.700738230629721,0.0,partly cloudy,cool,4,2020
2020-04-02,6.114533657086763,0.0,clear,cool,4,2020
2020-04-03,10.180609307097548,42.43185507003936,partly cloudy,cool,4,2020
2020-04-04,13.132530111363968,35.32351433201562,clear,cool,4,2020
2020-04-05,12.400368279569697,47.801116095022635,clear,cool,4,2020
2020-04-06,9.002693035678835,116.3694293747522,partly cloudy,cool,4,2020
2020-04-07,14.063823018938463,0.0,partly cloudy,cool,4,2020
2020-04-08,16.54514010356343,12.645616694318004,partly cloudy,warm,4,2020
2020-04-09,12.321751486296595,20.29664211459552,partly cloudy,cool,4,2020
2020-04-10,14.38703515581342,0.0,very cloudy,cool,4,2020
2020-04-11,13.274837363981794,0.0,partly cloudy,cool,4,2020
2020-04-12,15.407346889250825,32.316784340728304,partly cloudy,warm,4,2020
2020-04-13,12.825282089425222,41.542255755467544,partly cloudy,cool,4,2020
2020-04-14,13.97004692859772,39.32866121797343,partly cloudy,cool,4,2020
2020-04-15,14.434217302406092,0.0,partly cloudy,cool,4,2020
2020-04-16,10.256320596768848,0.0,clear,cool,4,2020
2020-04-17,17.33234592396992,0.0,partly cloudy,warm,4,2020
2020-04-18,14.259642957545218,101.77500731879621,clear,cool,4,2020
2020-04-19,17.43396163336094,136.95264026524814,clear,warm,4,2020
2020-04-20,14.24565579286423,0.0,clear,cool,4,2020
2020-04-21,15.909580014652821,0.0,clear,warm,4,2020
2020-04-22,14.10455494621056,28.803293281973037,partly cloudy,cool,4,2020
2020-04-23,20.89227936475465,19.636565590382524,partly cloudy,warm,4,2020
2020-04-24,15.97393672712198,56.61270816391648,clear,warm,4,2020
2020-04-25,19.236124327542942,60.4454624233163,partly cloudy,warm,4,2020
2020-04-26,17.614036162001838,20.555702514167706,very cloudy,warm,4,2020
2020-04-27,17.24321762911883,0.0,partly cloudy,warm,4,2020
2020-04-28,22.259860500995675,72.17579518599882,partly cloudy,warm,4,2020
2020-04-29,18.38314065919281,6.4062940409913125,clear,warm,4,2020
2020-04-30,17.07739473942294,200.12837152668726,very cloudy,warm,4,2020
2020-05-01,17.518451843630874,63.62117209249564,very cloudy,warm,5,2020
2020-05-02,19.76464735180682,44.597924310061195,partly cloudy,warm,5,2020
2020-05-03,22.332281929522548,0.0,partly cloudy,warm,5,2020
2020-05-04,14.284239286010008,1.7880796526753073,partly cloudy,cool,5,2020
2020-05-05,19.97429100605286,9.483816208013522,partly cloudy,warm,5,2020
2020-05-06,18.452875761178237,68.9255978630131,partly cloudy,warm,5,2020
2020-05-07,18.32848125274333,2.2403872569478054,partly cloudy,warm,5,2020
2020-05-08,21.60522618769271,0.0,very cloudy,warm,5,2020
2020-05-09,17.74409808901937,0.0,very cloudy,warm,5,2020
2020-05-10,20.703720539504268,67.55717533275657,partly cloudy,warm,5,2020
2020-05-11,16.388507078931614,0.0,partly cloudy,warm,5,2020
2020-05-12,24.735283300772945,25.419789992796666,very cloudy,warm,5,2020
2020-05-13,20.320762203606865,0.0,partly cloudy,warm,5,2020
2020-05-14,18.042116371200812,0.0,partly cloudy,warm,5,2020
2020-05-15,18.48175702972889,25.432070113910754,partly cloudy,warm,5,2020
2020-05-16,21.49636619339447,0.0,very cloudy,warm,5,2020
2020-05-17,19.879316870487795,41.862709680091456,clear,warm,5,2020
2020-05-18,20.04113712343502,15.967666389332319,partly cloudy,warm,5,2020
2020-05-19,22.273914028178744,0.0,partly cloudy,warm,5,2020
2020-05-20,20.51219329241749,72.41094889409229,very cloudy,warm,5,2020
2020-05-21,20.775222652797822,87.01244187083356,clear,warm,5,2020
2020-05-22,24.50420939417932,50.47260614344319,partly cloudy,warm,5,2020
2020-05-23,21.174615168862992,70.36475909260815,clear,warm,5,2020
2020-05-24,21.122092864297205,0.0,very cloudy,warm,5,2020
2020-05-25,21.78480606040692,68.21747059946586,partly cloudy,warm,5,2020
2020-05-26,23.250611384579095,0.0,clear,warm,5,2020
2020-05-27,27.115631048454382,65.98423946144288,partly cloudy,hot,5,2020
2020-05-28,14.098612425582829,103.64811222931596,very cloudy,cool,5,2020
2020-05-29,21.86501476680153,23.65178826945291,partly cloudy,warm,5,2020
2020-05-30,23.862130530453044,30.941882857802334,partly cloudy,warm,5,2020
2020-05-31,20.80129045865425,0.0,clear,warm,5,2020
2020-06-01,27.80326692307366,23.856118336390686,partly cloudy,hot,6,2020
